ID,Name,Desigination,ImageURL,Email,Department,School,Extension,HEC Approved PHD Supervisor,Highest Education
4553,Waseem Shahzad,Director & Professor,http://isb.nu.edu.pk/Images/Profile/CS/4553-3.jpg,waseem.shahzad@nu.edu.pk,CS,FAST School Of Computing, 101,1,"Ph.D (Computer Science) NUCES, (2010)"
4551,Hasan Mujtaba Kiyani,"Head, School of Computing & Professor",http://isb.nu.edu.pk/Images/Profile/CS/4551.jpg,hasan.mujtaba@nu.edu.pk,CS,FAST School Of Computing, 626,1,Ph.D (Computer Science) National University of Computer & Emerging Sciences (2010)
4400,Hammad Majeed,HoD (Computer Science) & Professor,http://isb.nu.edu.pk/Images/Profile/CS/4400.jpg,hammad.majeed@nu.edu.pk,CS,FAST School Of Computing, 672,1,"P.hD (Computer Science) University of Limerick, Ireland (2007)"
5099,Muhammad Asim,HoD (Cyber Security) & Professor,http://isb.nu.edu.pk/Images/Profile/CS/5099.jpg,muhammad.asim@nu.edu.pk,CS,FAST School Of Computing, 503,1,"P.hD (Computer Science) Liverpool John Moore University, UK (2010)"
5200,Usman Habib,HoD (Software Engineering) & Associate Professor,http://isb.nu.edu.pk/Images/Profile/CS/5200.jpg,usman.habib@nu.edu.pk,CS,FAST School Of Computing,,1,"PhD (Engineering Science ) Technical University of Vienna (TU WIEN), Vienna, Austria. (2016)"
6478,Ahmad Din,HoD (Artificial Intelligence & Data Science) & Professor,http://isb.nu.edu.pk/Images/Profile/CS/6478.jpg,ahmad.din@nu.edu.pk,CS,FAST School Of Computing, 506,1,Postdoc (Computer Science) University of Georgia (2019)
9214,Mirza Omer Beg,Professor,http://isb.nu.edu.pk/Images/Profile/CS/9214.jpg,omer.beg@nu.edu.pk,CS,FAST School Of Computing, 652,1,"P.hD (Computer Science) University of Waterloo, Canada (2013)"
3629,Kashif Munir,Professor,http://isb.nu.edu.pk/Images/Profile/CS/36292021-01-21_23.28.18.jpg,(On Leave),CS,FAST School Of Computing,,1,Ph.D (Computer Science) University of Innsbruck (2009)
5002,Aftab Maroof,Professor,http://isb.nu.edu.pk/Images/Profile/CS/50022020-09-30_00.03.16.jpg,aftab.maroof@nu.edu.pk,CS,FAST School Of Computing, 128,0,PhD (Computer Science) University of Wales (1996)
5689,Naveed Ahmad,Professor,http://isb.nu.edu.pk/Images/Profile/CS/5689.jpg,naveed.ahmad@nu.edu.pk,CS,FAST School Of Computing, 645,1,"P.hD (Computer Science) University of Cambridge, UK (2011)"
5724,Muhammad Arshad Islam,Professor,http://isb.nu.edu.pk/Images/Profile/CS/5724.jpg,arshad.islam@nu.edu.pk,CS,FAST School Of Computing, 640,1,"P.hD (Computer Science) University of Konstanz, Germany (2011)"
5783,Muhammad Asif Naeem,Professor,http://isb.nu.edu.pk/Images/Profile/CS/5783.jpg,asif.naeem@nu.edu.pk,CS,FAST School Of Computing, 654,1,Not available
5823,Muhammad Aleem,Professor,http://isb.nu.edu.pk/Images/Profile/CS/5823.jpg,On leave,CS,FAST School Of Computing, 629,1,"Ph.D (Computer Science) University of Innsbruck, Austria (2012)"
6259,Ahmad Raza Shahid,Professor,http://isb.nu.edu.pk/Images/Profile/CS/6259.jpg,ahmadraza.shahid@nu.edu.pk,CS,FAST School Of Computing, 634,1,Not available
6139,Akhtar Jamil,Associate Professor,http://isb.nu.edu.pk/Images/Profile/CS/6139_20211001.jpg,akhtar.jamil@nu.edu.pk,CS,FAST School Of Computing, 633,1,Not available
5791,Noreen Jamil,Associate Professor,http://isb.nu.edu.pk/Images/Profile/CS/5791.jpg,noreen.jamil@nu.edu.pk,CS,FAST School Of Computing, 631,0,"Ph.D (Computer Science) University Auckland, New-Zealand (2014)"
5830,Subhan Ullah,Associate Professor,http://isb.nu.edu.pk/Images/Profile/CS/5830.jpg,subhan.ullah@nu.edu.pk,CS,FAST School Of Computing, 500,1,"Ph.D (Computer Science/IT) University of Klagenfurt/University of Genoa, Italy (2019)"
5690,Shujaat Hussain Kausar,Associate Professor,http://isb.nu.edu.pk/Images/Profile/CS/5690.jpg,On leave,CS,FAST School Of Computing,,0,"P.hD (Computer Science) Kyung Hee University, South Korea (2019)"
5586,Khubaib Amjad,Associate Professor,http://isb.nu.edu.pk/Images/Profile/CS/5586_20211001.jpg,On leave,CS,FAST School Of Computing, 636,0,Not available
5643,Kifayat Ullah Khan,Associate Professor,http://isb.nu.edu.pk/Images/Profile/CS/5643.jpg,On leave,CS,FAST School Of Computing,,1,"P.hD (Computer Engineering) Kyung Hee University, South Korea (2016)"
5249,Labiba Fahad,Associate Professor,http://isb.nu.edu.pk/Images/Profile/CS/5249.jpg,labiba.fahad@nu.edu.pk,CS,FAST School Of Computing, 637,0,"P.hD (Computer Science) City University of London, UK (2016)"
5196,Irum Inayat,Associate Professor,http://isb.nu.edu.pk/Images/Profile/CS/5196.jpg,On leave,CS,FAST School Of Computing, 642,1,"P.hD (Computer Science) University of Malaya, Malaysia (2015)"
4708,Uzair Khan,Associate Professor,http://isb.nu.edu.pk/Images/Profile/CS/4708.jpg,On leave,CS,FAST School Of Computing,,1,"P.hD (Computer Science) Inria-i3s CNRS UNSA, France (2011)"
6867,Danish Shehzad,Associate Professor,http://isb.nu.edu.pk/Images/Profile/CS/6867.jpg,danish.shehzad@isb.nu.edu.pk,CS,FAST School Of Computing,,1,"PhD (Computer Engineering) Kadir Has University, Türkiye (2019)"
6405,M. Ishtiaq,Associate Professor,http://isb.nu.edu.pk/Images/Profile/CS/6405.jpg,m.ishtiaq@nu.edu.pk,CS,FAST School Of Computing, 676,1,"PhD (Computer Science) National University of Computer and Emerging Sciences, Islamabad (2018)"
6683,Imran Ashraf,Associate Professor,http://isb.nu.edu.pk/Images/Profile/CS/6683.jpg,imran.ashraf@isb.nu.edu.pk,CS,FAST School Of Computing, 632,1,"PhD (Computer Engineering ) Delft University of Technology (TU Delft), The Netherlands (2016)"
6297,Qaisar Shafi,Assistant Professor,http://isb.nu.edu.pk/Images/Profile/CS/6297.jpg,qaisar.shafi@nu.edu.pk,CS,FAST School Of Computing, 514,1,"PhD (Information Security) SEECS, National University of Sciences and Technology (2019)"
6579,Ramoza Ahsan,Assistant Professor,http://isb.nu.edu.pk/Images/Profile/CS/6579.jpg,On leave,CS,FAST School Of Computing,,1,"PhD (Computer Science ) Worcester Polytechnic Institute, MA, USA (2019)"
6606,Isma Ul Hassan,Assistant Professor,http://isb.nu.edu.pk/Images/Profile/CS/6606.jpg,isma.hassan@nu.edu.pk,CS,FAST School Of Computing, 699,0,PhD (Computer Science ) Comsats University Islamabad (2022)
6609,Shahela Saif,Assistant Professor,http://isb.nu.edu.pk/Images/Profile/CS/6609.jpg,shahela.saif@nu.edu.pk,CS,FAST School Of Computing, 347,0,MS (Computer Software Engineering) National University of Science and Technology (2012)
6868,Sayed Qaiser Ali Shah,Assistant Professor,http://isb.nu.edu.pk/Images/Profile/CS/6868.jpg,qaiser.ali@isb.nu.edu.pk,CS,FAST School Of Computing, 341,0,"Ph.D (Computer Science) University of Engineering and Technology, Taxila, (2022)"
6804,Usman Haider,Assistant Professor,http://isb.nu.edu.pk/Images/Profile/CS/6804.jpg,usman.haider@isb.nu.edu.pk,CS,FAST School Of Computing, 679,0,PhD (Computer Engineering) GIK Institute of Engineering Sciences and Technology (2024)
9387,Javaria Imtiaz,Assistant Professor,http://isb.nu.edu.pk/Images/Profile/CS/9387_20211001.jpg,javaria.imtiaz@nu.edu.pk,CS,FAST School Of Computing, 651,0,Not available
6735,Ali Zeeshan Ijaz,Assistant Professor,http://isb.nu.edu.pk/Images/Profile/CS/6735.jpg,ali.zeeshan@isb.nu.edu.pk,CS,FAST School Of Computing, 505,0,PhD (Bioinformatics ) Western Sydney University (2018)
6737,Asif Muhammad,Assistant Professor,http://isb.nu.edu.pk/Images/Profile/CS/6737.jpg,asif.muhammad@isb.nu.edu.pk,CS,FAST School Of Computing, 321,0,PhD (CS) Capital University of Science and Technology (2023)
6776,Sana Aurangzeb,Assistant Professor,http://isb.nu.edu.pk/Images/Profile/CS/6776.jpg,sana.aurangzeb@nu.edu.pk,CS,FAST School Of Computing, 341,0,"PhD (Computer Science ) National University of Computer and Emerging Sciences, FAST-NUCES (2024)"
6134,Uzair Iqbal,Assistant Professor,http://isb.nu.edu.pk/Images/Profile/CS/6134.jpg,On leave,CS,FAST School Of Computing,,1,"PhD (Computer Science( Machine Learning) ) Universiti Malaya, Malaysia (2020)"
5250,Amna Irum,Assistant Professor,http://isb.nu.edu.pk/Images/Profile/CS/5250.jpg,On leave,CS,FAST School Of Computing, 632,0,"MS (Computer Science) Myongji University, S. Korea (2009)"
3949,Mehreen Alam,Assistant Professor,http://isb.nu.edu.pk/Images/Profile/CS/3949.jpg,mehreen.alam@nu.edu.pk,CS,FAST School Of Computing, 639,0,"PhD (Computer Science) National University of Computer & Emerging Sciences, Islamabad (2021)"
4129,Amna Basharat,Assistant Professor,http://isb.nu.edu.pk/Images/Profile/CS/4129.jpg,amna.basharat@nu.edu.pk,CS,FAST School Of Computing, 638,0,"P.hD (Computer Science) University of Georgia, USA (2016)"
4401,Atif Aftab Ahmed Jilani,Assistant Professor,http://isb.nu.edu.pk/Images/Profile/CS/4401.jpg,atif.jilani@nu.edu.pk,CS,FAST School Of Computing, 677,0,"P.hD (Computer Science) National University of Computer & Emerging Sciences, Islamabad (2018)"
4549,Noor Ul Ain,Assistant Professor,http://isb.nu.edu.pk/Images/Profile/CS/4549.jpg,noorul.ain@nu.edu.pk,CS,FAST School Of Computing, 656,0,"MS (Computer Science) National University of Computer & Emerging Sciences, Islamabad (2009)"
4381,Jawad Hassan Nisar,Assistant Professor,http://isb.nu.edu.pk/Images/Profile/CS/4381.jpg,jawad.hassan@nu.edu.pk,CS,FAST School Of Computing, 630,0,"MS (Computer Science) National University of Computer & Emerging Sciences, Islamabad (2009)"
5425,Muhammad Adnan Tariq,Assistant Professor,http://isb.nu.edu.pk/Images/Profile/CS/5425.jpg,muhammad.adnan@nu.edu.pk,CS,FAST School Of Computing, 678,0,"P.hD (Computer Science) Univ of Stuttgart, Germany (2013)"
5470,Zeshan Khan,Assistant Professor,http://isb.nu.edu.pk/Images/Profile/CS/5470.jpg,zeshan.khan@nu.edu.pk,CS,FAST School Of Computing,,0,MS (Computer Science) Capital University of Science and Technologies (2015)
5691,Uzma Mahar,Assistant Professor,http://isb.nu.edu.pk/Images/Profile/CS/5691.JPG,uzma.mahar@nu.edu.pk,CS,FAST School Of Computing, 643,0,"PhD (Software Engineering) National University of Computer & Emerging Sciences, Islamabad (2024)"
6032,Zainab Abaid,Assistant Professor,http://isb.nu.edu.pk/Images/Profile/CS/60322021-02-08_00.56.12.png,On leave,CS,FAST School Of Computing,,0,Ph.D (Computer Science) University of New South Wales (2017)
5815,Amina Asif,Assistant Professor,http://isb.nu.edu.pk/Images/Profile/CS/5815.jpg,On leave,CS,FAST School Of Computing,,0,"MS (Computer Science) Pakistan Institute of Engineering and Applied Sciences , Islamabad (2015)"
5829,Muhammad Faisal Cheema,Assistant Professor,http://isb.nu.edu.pk/Images/Profile/CS/5829.jpg,faisal.cheema@nu.edu.pk,CS,FAST School Of Computing, 515,0,"PhD (Computer Science) Leipzig University, Germany (2017)"
6079,Behjat Zuhaira,Assistant Professor,http://isb.nu.edu.pk/Images/Profile/CS/60792021-04-21_08.47.08.JPG,behjat.zuhaira@nu.edu.pk,CS,FAST School Of Computing, 650,0,"Ph.D (Computer Science) COMSATS University, (2020)"
6283,Hassan Sartaj,Assistant Professor,http://isb.nu.edu.pk/Images/Profile/CS/6283.jpg,On leave,CS,FAST School Of Computing,,0,Not available
6296,Marium Hida,Lecturer,http://isb.nu.edu.pk/Images/Profile/CS/6296.jpg,marium.hida@nu.edu.pk,CS,FAST School Of Computing, 603,0,Not available
6247,Pir Sami Ullah Shah,Lecturer,http://isb.nu.edu.pk/Images/Profile/CS/6247.jpg,samiullah.shah@nu.edu.pk,CS,FAST School Of Computing, 321,0,Not available
6248,Mehreen Javaid,Lecturer,http://isb.nu.edu.pk/Images/Profile/CS/6248.jpg,mehreen.javaid@nu.edu.pk,CS,FAST School Of Computing, 666,0,Not available
6252,Hira Mastoor,Lecturer,http://isb.nu.edu.pk/Images/Profile/CS/6252.jpg,hira.mastoor@nu.edu.pk,CS,FAST School Of Computing, 603,0,Not available
6260,Maryam Shahbaz,Lecturer,http://isb.nu.edu.pk/Images/Profile/CS/6260.jpg,maryam.shahbaz@nu.edu.pk,CS,FAST School Of Computing, 263,0,Not available
6261,Bushra Amjad,Lecturer,http://isb.nu.edu.pk/Images/Profile/CS/6261.jpg,On leave,CS,FAST School Of Computing,,0,Not available
6263,Laraib Afzaal,Lecturer,http://isb.nu.edu.pk/Images/Profile/CS/6263.jpg,On leave,CS,FAST School Of Computing, 603,0,Not available
6109,Hina Binte Haq,Lecturer,http://isb.nu.edu.pk/Images/Profile/CS/6109_20211001.jpg,hina.haq@nu.edu.pk,CS,FAST School Of Computing, 512,0,Not available
6110,Urooj Ghani,Lecturer,http://isb.nu.edu.pk/Images/Profile/CS/6110_20211001.jpg,urooj.ghani@nu.edu.pk,CS,FAST School Of Computing, 263,0,Not available
6111,Sana Razzaq,Lecturer,http://isb.nu.edu.pk/Images/Profile/CS/6111_20211001.jpg,sana.razzaq@nu.edu.pk,CS,FAST School Of Computing, 347,0,Not available
6143,Amina Siddique,Lecturer,http://isb.nu.edu.pk/Images/Profile/CS/6143_20211001.jpg,amina.siddique@nu.edu.pk,CS,FAST School Of Computing, 342,0,Not available
6229,Nimra Shahid,Lecturer,http://isb.nu.edu.pk/Images/Profile/CS/6229.jpg,On leave,CS,FAST School Of Computing, 268,0,Not available
6243,Arslan Aslam,Lecturer,http://isb.nu.edu.pk/Images/Profile/CS/6243.jpg,arslan.aslam@nu.edu.pk,CS,FAST School Of Computing, 302,0,Not available
6244,Irfan Ullah,Lecturer,http://isb.nu.edu.pk/Images/Profile/CS/6244.jpg,irfan.ullah@nu.edu.pk,CS,FAST School Of Computing, 609,0,Not available
5825,Saba Kanwal,Lecturer,http://isb.nu.edu.pk/Images/Profile/CS/5825.jpg,Saba.Kanwal@nu.edu.pk,CS,FAST School Of Computing, 347,0,"B.Sc (Software Engineering) Mirpur University, Mirpur (2018)"
5793,Ameen Chilwan,Lecturer,http://isb.nu.edu.pk/Images/Profile/CS/5793.jpg,On leave,CS,FAST School Of Computing,,0,M.Sc (Telematics) Norwegian University of Science and Technology (2011)
6067,Owais Idrees,Lecturer,http://isb.nu.edu.pk/Images/Profile/CS/6067.jpg,Owais.idrees@nu.edu.pk,CS,FAST School Of Computing, 697,0,Not available
5970,Maheen Arshad,Lecturer,http://isb.nu.edu.pk/Images/Profile/CS/59702020-09-03_02.13.07.jpg,On leave,CS,FAST School Of Computing, 507,0,MS (Software Engineering) NUCES-Fast (2019)
5976,Sara Afzal,Lecturer,http://isb.nu.edu.pk/Images/Profile/CS/59762020-09-03_02.12.04.jpg,On leave,CS,FAST School Of Computing,,0,BS (Computer Science) NUCES-Fast (2020)
5981,Ifrah Qaiser,Lecturer,http://isb.nu.edu.pk/Images/Profile/CS/5981_20211001.jpg,On leave,CS,FAST School Of Computing,,0,Not available
5876,Shafaq Riaz Bhatti,Lecturer,http://isb.nu.edu.pk/Images/Profile/CS/5876.jpg,shafaq.riaz@nu.edu.pk,CS,FAST School Of Computing, 504,0,"MS (Software Engineering) National University of Computer & Emerging Sciences, Islamabad (2019)"
5880,Ayesha Kamran,Lecturer,http://isb.nu.edu.pk/Images/Profile/CS/5880.jpg,ayesha.kamran@nu.edu.pk,CS,FAST School Of Computing, 341,0,"MCS (CS) Fatima Jinnah Women University, Rawalpindi (2019)"
5883,Parisa Salma,Lecturer,http://isb.nu.edu.pk/Images/Profile/CS/5883.JPG,On leave,CS,FAST School Of Computing, 343,0,BS (CS) FAST-NUCES (2019)
5692,Syed M.Saad Salman,Lecturer,http://isb.nu.edu.pk/Images/Profile/CS/5692.jpg,saad.salman@nu.edu.pk,CS,FAST School Of Computing, 516,0,"MS (Computer Science) National University of Computer & Emerging Scinces, Islamabad (2019)"
5693,Bilal Khalid Dar,Lecturer,http://isb.nu.edu.pk/Images/Profile/CS/5693.jpg,bilal.khalid@nu.edu.pk,CS,FAST School Of Computing, 698,0,"MS (Software Engineering) Comsats Institute of Information Technology, Islamabad (2019)"
5694,Shehr Bano,Lecturer,http://isb.nu.edu.pk/Images/Profile/CS/5694.JPG,(On Leave),CS,FAST School Of Computing, 263,0,"BS (Computer Science) International Islamic University , Islamabad (2018)"
5695,Kainat Iqbal,Lecturer,http://isb.nu.edu.pk/Images/Profile/CS/5695.jpg,kainat.Iqbal@isb.nu.edu.pk,CS,FAST School Of Computing, 338,0,MS (Data Science) FAST NUCES (2022)
5704,Madiha Umar,Lecturer,http://isb.nu.edu.pk/Images/Profile/CS/5704.jpg,On leave,CS,FAST School Of Computing,,0,"BS (Computer Science) Pir Mehr Ali Shah Arid Agriculture University, Rawalpindi (2015)"
5723,Humera Sabir,Lecturer,http://isb.nu.edu.pk/Images/Profile/CS/5723.jpg,On leave,CS,FAST School Of Computing,,0,"BS (Computer Science) Sir Syed CASE Institute of Technology , Islamabad (2017)"
5537,Sidra Khalid,Lecturer,http://isb.nu.edu.pk/Images/Profile/CS/5537.jpg,sidra.khalid@nu.edu.pk,CS,FAST School Of Computing, 519,0,"MS (Computer Science) National University of Computer & Emerging Sciences, Islamabad (2012)"
5465,Majid Hussain,Lecturer,http://isb.nu.edu.pk/Images/Profile/CS/5465.jpg,majid.hussain@nu.edu.pk,CS,FAST School Of Computing, 206,0,Not available
5687,Shams Farooq,Lecturer,http://isb.nu.edu.pk/Images/Profile/CS/5687.jpg,shams.farooq@nu.edu.pk,CS,FAST School Of Computing, 653,0,"MS (Software Engineering) University of Huddersfield, UK (2006)"
5201,Hassan Raza,Lecturer,http://isb.nu.edu.pk/Images/Profile/CS/5201.jpg,hassan.raza@nu.edu.pk,CS,FAST School Of Computing, 649,0,MS (Computer Science) NUCES (2019)
6725,Aqib Rehman,Lecturer,http://isb.nu.edu.pk/Images/Profile/CS/6725.jpg,aqib.rehman@isb.nu.edu.pk,CS,FAST School Of Computing,,0,"MS (Computer Science ) Quaid e Azam University , Islamabad (2018)"
6801,Zonera Anjum,Lecturer,http://isb.nu.edu.pk/Images/Profile/CS/6801.jpg,zonera.anjum@isb.nu.edu.pk,CS,FAST School Of Computing,,0,MS (Artificial Intelligence) FAST NUCES Islamabad (2023)
6802,Nigar Azhar Butt,Lecturer,http://isb.nu.edu.pk/Images/Profile/CS/6802.jpg,nigar.azhar@isb.nu.edu.pk,CS,FAST School Of Computing,,0,"MSc (Software Engineering) National University of Computer and Emerging Sciences, Islamabad (2020)"
6823,Basharat Hussain,Lecturer,http://isb.nu.edu.pk/Images/Profile/CS/6823.jpg,basharat.hussain@isb.nu.edu.pk,CS,FAST School Of Computing, 326,0,"MS (Computer Science ) International Islamic Univeristy, Islamabad (2016)"
6842,Rabail Zahid,Lecturer,http://isb.nu.edu.pk/Images/Profile/CS/6842.jpg,rabail.zahid@isb.nu.edu.pk,CS,FAST School Of Computing,,0,"MSCS (Computer Science) National University of Computer and Emerging Sciences, Islamabad (2020)"
9489,Shehreyar Rashid,Lecturer,http://isb.nu.edu.pk/Images/Profile/CS/9489.jpg,shehreyar.rashid@nu.edu.pk,CS,FAST School Of Computing, 655,0,"MS (Information Technlogy) National University of Sciences & Technology, Islamabad (2018)"
9242,Shoaib Saleem Khattak,Lecturer,http://isb.nu.edu.pk/Images/Profile/CS/9242.jpg,shoaib.saleem@nu.edu.pk,CS,FAST School Of Computing, 611,0,"MS (Computer Science) National University of Computer & Emerging Sciences, Islamabad (2016)"
6869,Kanza Hamid,Lecturer,http://isb.nu.edu.pk/Images/Profile/CS/6869.jpg,kanza.hamid@isb.nu.edu.pk,CS,FAST School Of Computing, 698,0,MS (CS) Pakistan Institute of Engineering & Applied Sciences (PIEAS) (2017)
6866,Muhammad Aamir Gulzar,Lecturer,http://isb.nu.edu.pk/Images/Profile/CS/6866.jpg,aamir.gulzar@nu.edu.pk,CS,FAST School Of Computing, 341,0,MS (Computer Science ) FAST-NUCES (2024)
6610,Tajwar Mehmood,Lecturer,http://isb.nu.edu.pk/Images/Profile/CS/6610.jpg,tajwar.mehmood@nu.edu.pk,CS,FAST School Of Computing,,0,MS (Software Engieering ) RIPHAH (2016)
6613,Nirmal Tariq,Lecturer,http://isb.nu.edu.pk/Images/Profile/CS/6613.jpg,nirmal.tariq@nu.edu.pk,CS,FAST School Of Computing, 526,0,"MS (Computer Science ) SEECS, NUST, Islamabad (2016)"
6688,Muhammad Farrukh Bashir,Lecturer,http://isb.nu.edu.pk/Images/Profile/CS/6688.jpg,farrukh.bashir@isb.nu.edu.pk,CS,FAST School Of Computing, 338,0,"MS (Computer Science ) National University of Computer and Emerging Sciences, FAST-NUCES (2019)"
6689,Atif Khurshid,Lecturer,http://isb.nu.edu.pk/Images/Profile/CS/6689.jpg,atif.khurshid@isb.nu.edu.pk,CS,FAST School Of Computing,,0,MS (Computer Science ) National University of Sciences and Technology (2023)
6696,Mahnoor Tariq,Lecturer,http://isb.nu.edu.pk/Images/Profile/CS/6696.jpg,mahnoor.tariq@isb.nu.edu.pk,CS,FAST School Of Computing,,0,"MS (AI) National University of Sciences and Technology, Islamabad (2023)"
6697,Muhammad Sohail Abbas,Lecturer,http://isb.nu.edu.pk/Images/Profile/CS/6697.jpg,sohail.abbas@isb.nu.edu.pk,CS,FAST School Of Computing,,0,BS (null) University Of Engineering And Technology (UET) Taxila (2020)
6698,Muhammad Aadi Ur Rehman,Lecturer,http://isb.nu.edu.pk/Images/Profile/CS/6698.jpg,aadil.rehman@isb.nu.edu.pk,CS,FAST School Of Computing, 263,0,MS (Computer Science ) Capital University of Science & Technology Islamabad (2018)
6701,Ahmad Raza,Lecturer,http://isb.nu.edu.pk/Images/Profile/CS/6701.jpg,ahmad.raza@isb.nu.edu.pk,CS,FAST School Of Computing, 263,0,"MS (Computer Science ) Comsats University Islamabad, Islamabad Campus (2022)"
6706,Farheen Tabassum,Lecturer,http://isb.nu.edu.pk/Images/Profile/CS/6706.jpg,farheen.tabassum@isb.nu.edu.pk,CS,FAST School Of Computing,,0,MS (Software Engieering ) National University of Science and Technology (2015)
6707,Shahbaz Hassan,Lecturer,http://isb.nu.edu.pk/Images/Profile/CS/6707.jpg,shahbaz.hassan@isb.nu.edu.pk,CS,FAST School Of Computing, 513,0,"MS (Computer Science ) Center for Advanced Studies in Engineering, Islamabad (2019)"
6408,Muhammad Abdullah Abid,Lecturer,http://isb.nu.edu.pk/Images/Profile/CS/6408.jpg,abdullah.abid@nu.edu.pk,CS,FAST School Of Computing,,0,"MS (Information Security ) SEECS , NUST , H-12, Islamabad (2018)"
6438,Adil Majeed,Lecturer,http://isb.nu.edu.pk/Images/Profile/CS/6438.jpg,adil.majeed@nu.edu.pk,CS,FAST School Of Computing, 518,0,"MS (Computer Science) National University of Computer and Emerging Sciences, Islamabad (2020)"
6451,Saira Qamar,Lecturer,http://isb.nu.edu.pk/Images/Profile/CS/6451.jpg,saira.qamar@nu.edu.pk,CS,FAST School Of Computing,,0,BS (Computer Science ) International Islamic University (2016)
6508,Zaheer Ul Hussain Sani,Lecturer,http://isb.nu.edu.pk/Images/Profile/CS/6508.jpg,zaheer.sani@nu.edu.pk,CS,FAST School Of Computing,,0,MSc (Computer Science and Engineering) Luleå University of Technology (2010)
6521,Laiba Imran,Lecturer,http://isb.nu.edu.pk/Images/Profile/CS/6521.jpg,laiba.imran@nu.edu.pk,CS,FAST School Of Computing, 307,0,"BS (Computer Science) National University of Computer and Emerging Sciences, FAST-NUCES (2022)"
6528,Muhammad Almas Khan,Lecturer,http://isb.nu.edu.pk/Images/Profile/CS/6528.jpg,muhammad.almas@nu.edu.pk,CS,FAST School Of Computing, 306,0,"MPhil (Computer Science) Quaid-i-Azam Univeristy, Islamabad (2021)"
6529,Mehmood Ul Hassan,Lecturer,http://isb.nu.edu.pk/Images/Profile/CS/6529.jpg,mehmood.hassan@nu.edu.pk,CS,FAST School Of Computing, 513,0,"MS (Information Security ) Millitary College of Signals, NUST (2020)"
6534,Khadija Mahmood,Lecturer,http://isb.nu.edu.pk/Images/Profile/CS/6534.jpg,khadija.mahmood@nu.edu.pk,CS,FAST School Of Computing, 307,0,"BS (Computer Science) International Islamic University, Islamabad (2021)"
6384,Zoya Sumbul Zaheer,Instructor,http://isb.nu.edu.pk/Images/Profile/CS/6384.jpg,zoya.sumbul@nu.edu.pk,CS,FAST School Of Computing, 307,0,BS (Computer Science) National University of Computer and Emerging Sciences (FAST) (2022)
6385,Sunduss Aamir Khan,Instructor,http://isb.nu.edu.pk/Images/Profile/CS/6385.jpg,sunduss.aamir@nu.edu.pk,CS,FAST School Of Computing, 307,0,BS (Software Engineering ) Capital University of Science and Technology (2021)
6387,Sadia Saad,Instructor,http://isb.nu.edu.pk/Images/Profile/CS/6387.jpg,sadia.saad@nu.edu.pk,CS,FAST School Of Computing, 307,0,BS (Computer Science) National University of Computer and Emerging Sciences (FAST) (2022)
6388,Bushra Fatima Tariq,Instructor,http://isb.nu.edu.pk/Images/Profile/CS/6388.jpg,bushra.fatima@nu.edu.pk,CS,FAST School Of Computing, 307,0,"BS (Computer Science) National University of Computer and Emerging Sciences, (FAST), Islamabad (2022)"
6708,Palwasha Zahid,Instructor,http://isb.nu.edu.pk/Images/Profile/CS/6708.jpg,palwasha.zahid@isb.nu.edu.pk,CS,FAST School Of Computing,,0,BS (Software Engieering ) Capital University of Science & Technology Islamabad (2023)
6692,Khizra Sohail,Instructor,http://isb.nu.edu.pk/Images/Profile/CS/6692.jpg,khizra.sohail@isb.nu.edu.pk,CS,FAST School Of Computing,,0,"BS (Software Engieering ) Fatima Jinnah Women University, Rawalpindi (2019)"
6693,Mubrra Asma,Instructor,http://isb.nu.edu.pk/Images/Profile/CS/6693.jpg,mubrra.asma@isb.nu.edu.pk,CS,FAST School Of Computing,,0,"BS (Computer Science ) National University of Computer and Emerging Sciences, FAST-NUCES (2023)"
6694,Maryam Hussain,Instructor,http://isb.nu.edu.pk/Images/Profile/CS/6694.jpg,maryam.hussain@isb.nu.edu.pk,CS,FAST School Of Computing,,0,"BS (Computer Science ) National University of Computer and Emerging Sciences, FAST-NUCES (2023)"
6695,Muhammad Ammar Masood,Instructor,http://isb.nu.edu.pk/Images/Profile/CS/6695.jpg,ammar.masood@isb.nu.edu.pk,CS,FAST School Of Computing,,0,"BS (Computer Science ) National University of Computer and Emerging Sciences, FAST-NUCES (2021)"
6651,Usama Bin Imran,Instructor,http://isb.nu.edu.pk/Images/Profile/CS/6651.jpg,usama.imran@isb.nu.edu.pk,CS,FAST School Of Computing, 307,0,"BS (Software Engieering ) Comsats University Islamabad, Islamabad Campus (2021)"
6654,Abdul Hammad Rasheed,Instructor,http://isb.nu.edu.pk/Images/Profile/CS/6654.jpg,hammad.rasheed@isb.nu.edu.pk,CS,FAST School Of Computing, 307,0,"BS (Computer Science ) National University of Computer and Emerging Sciences, FAST-NUCES (2023)"
6810,Syeda Shahnoor Haider,Instructor,http://isb.nu.edu.pk/Images/Profile/CS/6810.jpg,shahnoor.haider@isb.nu.edu.pk,CS,FAST School Of Computing,,0,"BS (Computer Science) National University of Computer and Emerging Sciences, Islamabad (2022)"
6846,Amina Ashfaq,Instructor,http://isb.nu.edu.pk/Images/Profile/CS/6846.jpg,Amina Ashfaq,CS,FAST School Of Computing,,0,BS (Information Technology ) University of Sargodha (2021)
6847,Sohail Aziz,Instructor,http://isb.nu.edu.pk/Images/Profile/CS/6847.jpg,sohail.aziz@isb.nu.edu.pk,CS,FAST School Of Computing,,0,"BS (CS) (Computer Science) NUCES, Islamabad (2009)"
6848,Zill-E-Huma,Instructor,http://isb.nu.edu.pk/Images/Profile/CS/6848.jpg,zille.huma@nu.edu.pk,CS,FAST School Of Computing, 666,0,"MS (Computational Science and Engineering) National University of Sciences and Technology , Islamabad (2024)"
6849,Asma Tufail,Instructor,http://isb.nu.edu.pk/Images/Profile/CS/6849.jpg,asma.tufail@isb.nu.edu.pk,CS,FAST School Of Computing,,0,"BS (Computer Science) Air University, Islamabad (2022)"
6850,Aneeqa Khalil,Instructor,http://isb.nu.edu.pk/Images/Profile/CS/6850.jpg,aneeqa.khalil@isb.nu.edu.pk,CS,FAST School Of Computing,,0,MS (Computer Science) National University of Computer and Emerging Sciences (NUCES-FAST) Islamabad (2024)
6851,Muhammad Suleman Saboor,Instructor,http://isb.nu.edu.pk/Images/Profile/CS/6851.jpg,suleman.saboor@isb.nu.edu.pk,CS,FAST School Of Computing,,0,BCE (Computer Engineering) Bahria University Islamabad (2019)
6852,Daniya Jadoon,Instructor,http://isb.nu.edu.pk/Images/Profile/CS/6852.jpg,daniya.jadoon@isb.nu.edu.pk,CS,FAST School Of Computing,,0,BS (Software Engineering) Comsats University Islamabad (2019)
6853,Ghulam Fatima,Instructor,http://isb.nu.edu.pk/Images/Profile/CS/6853.jpg,ghulam.fatima@isb.nu.edu.pk,CS,FAST School Of Computing,,0,"BS (Computer Science) Lahore College For Women University, Lahore (2022)"
6854,Kanwal Naz,Instructor,http://isb.nu.edu.pk/Images/Profile/CS/6854.jpg,kanwal.naz@isb.nu.edu.k,CS,FAST School Of Computing, 307,0,"BS (Computer Science) Air University, Islamabad (2021)"
6855,Ehsaan Ali,Instructor,http://isb.nu.edu.pk/Images/Profile/CS/6855.jpg,ehsaan.ali@isb.nu.edu.pk,CS,FAST School Of Computing,,0,"MS (AI) National University of Computer and Emerging Sciences, Islamabad (2024)"
6856,Ayesha Marriyam,Instructor,http://isb.nu.edu.pk/Images/Profile/CS/6856.jpg,ayesha.marriyam@isb.nu.edu.pk,CS,FAST School Of Computing, 307,0,"BS (Computer Science) National University of Computer and Emerging Sciences, FAST-NUCES (2023)"
6862,Muhammad Muneeb Baig,Instructor,http://isb.nu.edu.pk/Images/Profile/CS/6862.jpg,muneeb.baig@isb.nu.edu.pk,CS,FAST School Of Computing,,0,B.Sc (Computer Science) Comsats University Islamabad (2022)
6795,Hajira Uzair,Instructor,http://isb.nu.edu.pk/Images/Profile/CS/6795.jpg,hajira.uzair@nu.edu.pk,CS,FAST School Of Computing, 657,0,"BS (Computer Science ) National University of Computer and Emerging Sciences, FAST-NUCES (2023)"
6797,Syed Daniyal Hussain Shah,Instructor,http://isb.nu.edu.pk/Images/Profile/CS/6797.jpg,daniyal.hussain@isb.nu.edu.pk,CS,FAST School Of Computing,,0,"BS (Computer Science ) Comsats University Islamabad, Abbottabad Campus (2023)"
6245,M Naveed Khurshid,Instructor,http://isb.nu.edu.pk/Images/Profile/CS/6245.jpg,naveed.khurshid@nu.edu.pk,CS,FAST School Of Computing, 306,0,Not available
5677,Neelofar Niazi,Assistant Manager (Coordination),http://isb.nu.edu.pk/Images/Profile/CS/5677.jpg,neelofar.niazi@nu.edu.pk,CS,FAST School Of Computing, 627,0,MBA (HRM) Bahria University (2014)
5582,Amir Rehman,Academic Officer,http://isb.nu.edu.pk/Images/Profile/CS/5582.jpg,amir.rehman@nu.edu.pk,CS,FAST School Of Computing, 623,0,Not available
5393,Fahad Shahzad,Academic Officer,http://isb.nu.edu.pk/Images/Profile/CS/5393.jpg,fahad.shahzad@nu.edu.pk,CS,FAST School Of Computing, 622,0,Not available
4154,Shakeel Ahmed Kiyani,Academic Officer,http://isb.nu.edu.pk/Images/Profile/CS/4154.jpg,shakeel.kiyani@nu.edu.pk,CS,FAST School Of Computing, 635,0,Not available
5912,Baber Shahzad,Academic Officer,http://isb.nu.edu.pk/Images/Profile/CS/5912.jpg,baber.shahzad@nu.edu.pk,CS,FAST School Of Computing, 525,0,MBA (Marketing) The University of Lahore (2016)
5922,Ayesha Yaqub Malik,Academic Officer,http://isb.nu.edu.pk/Images/Profile/CS/5922.jpg,On leave,CS,FAST School Of Computing, 624,0,Not available
5774,Abdul Qadoos,Academic Officer,http://isb.nu.edu.pk/Images/Profile/FSM/57742021-04-22_14.13.10.png,abdul.qadoos@nu.edu.pk,CS,FAST School Of Computing, 525,0,M (Com) Federal Urdu University (2014)
6582,Muhammad Usman Tariq,Assistant Academic Officer,http://isb.nu.edu.pk/Images/Profile/CS/6582.jpg,muhammadusman.tariq@nu.edu.pk,CS,FAST School Of Computing, 622,0,"M.Sc (Physics) Allama Iqbal Open University, Islamabad (2018)"
6540,Nayab Razzaq,Department Secretary,http://isb.nu.edu.pk/Images/Profile/CS/6540.jpg,nayab.razzaq@nu.edu.pk,CS,FAST School Of Computing, 671,0,MPA (Public Policy & Finance ) Fatima Jinnah Women University (2014)
6527,Madiha Khan,Department Secretary,http://isb.nu.edu.pk/Images/Profile/CS/6527.jpg,madiha.khan@nu.edu.pk,CS,FAST School Of Computing, 520,0,MS (Project Management ) Bahria University Islamabad (2018)
6350,Muhammad Aadil,Assistant Academic Officer,http://isb.nu.edu.pk/Images/Profile/CS/6350.jpg,m.aadil@nu.edu.pk,CS,FAST School Of Computing, 623,0,Not available
6351,Syed Shaharyar Yousaf,Assistant Academic Officer,http://isb.nu.edu.pk/Images/Profile/CS/6351.jpg,Shaharyar.yousaf@nu.edu.pk,CS,FAST School Of Computing, 622,0,"BSc (Computer Science, Economics, Mathematics ) University of Punjab (2017)"
4848,Muhammad Tariq,HOD & Professor,http://isb.nu.edu.pk/Images/Profile/CS/4848.jpg,tariq.khan@nu.edu.pk,Electrical Engineering,FAST School Of Engineering, 356,1,PostDoc (Computer Science & Engineering ) Princeton University (2016)
5004,Waseem Ikram,Professor,http://isb.nu.edu.pk/Images/Profile/EE/5004.jpg,waseem.ikram@nu.edu.pk,Electrical Engineering,FAST School Of Engineering, 101,0,Not available
5522,Mukhtar Ullah,Professor,http://isb.nu.edu.pk/Images/Profile/EE/5522.jpg,mukhtar.ullah@nu.edu.pk,Electrical Engineering,FAST School Of Engineering, 104,1,"PhD (Computer Science) University of Rostock, Germany (2009)"
5619,Rashad Ramzan,Professor,http://isb.nu.edu.pk/Images/Profile/EE/5619.jpg,rashad.ramzan@nu.edu.pk,Electrical Engineering,FAST School Of Engineering, 389,1,"PhD (Electronics Engineering) Linkoping University, Sweden (2009)"
9150,Ataul Aziz Ikram,Professor,http://isb.nu.edu.pk/Images/Profile/EE/9150.jpg,ata.ikram@nu.edu.pk,Electrical Engineering,FAST School Of Engineering, 340,1,PhD (Electrical Engineering) Graduate Center of City University of New York (2007)
6390,Niaz Ahmed,Associate Professor,http://isb.nu.edu.pk/Images/Profile/EE/6390.jpg,niaz.ahmed@nu.edu.pk,Electrical Engineering,FAST School Of Engineering, 254,1,"PhD (Electrical Engineering) Missouri University of Science & Technology, Rolla, USA (2017)"
4278,Arshad Hassan Khan,Associate Professor,http://isb.nu.edu.pk/Images/Profile/EE/4278.jpg,arshad.hassan@nu.edu.pk,Electrical Engineering,FAST School Of Engineering, 258,1,"PhD (PFA) Jeju National University, Korea (2017)"
4283,Aamer Hafeez,Assistant Professor,http://isb.nu.edu.pk/Images/Profile/EE/4283.jpg,aamer.hafeez@nu.edu.pk,Electrical Engineering,FAST School Of Engineering, 108,0,"MS (Telecom Engineering) Institute of Communication Technologies (ICT), Peshawar (2004)"
4340,Sana Hassan,Assistant Professor,http://isb.nu.edu.pk/Images/Profile/EE/4340.jpg,sana.hassan@nu.edu.pk,Electrical Engineering,FAST School Of Engineering, 105,0,MS (Electrical Enigeering) National University of Computer and Emerging Sciences (NUCES) (2012)
3441,Aamer Munir,Assistant Professor,http://isb.nu.edu.pk/Images/Profile/EE/3441.jpg,aamer.munir@nu.edu.pk,Electrical Engineering,FAST School Of Engineering, 189,0,MS (Electrical Engineering) University of Engineering and Technology (UET) (2005)
3625,Farhan Khalid,Assistant Professor,http://isb.nu.edu.pk/Images/Profile/EE/3625.jpg,farhan.khalid@nu.edu.pk,Electrical Engineering,FAST School Of Engineering, 188,1,"PhD (Electrical Engineering) University of Stuttgart, Germany (2012)"
3707,Azhar Rauf,Assistant Professor,http://isb.nu.edu.pk/Images/Profile/EE/3707.jpg,azhar.rauf@nu.edu.pk,Electrical Engineering,FAST School Of Engineering, 109,0,"MSc (Electrical Engineering) University of Texas, Austin, USA (1991)"
3730,Shahid Qureshi,Assistant Professor,http://isb.nu.edu.pk/Images/Profile/EE/3730.jpg,shahid.qureshi@nu.edu.pk,Electrical Engineering,FAST School Of Engineering, 185,0,MS (Computer Engineering) University of Engineering and Technology (UET) (2006)
4518,Waqas Bin Abbas,Assistant Professor,http://isb.nu.edu.pk/Images/Profile/EE/4518.jpg,waqas.abbas@nu.edu.pk,Electrical Engineering,FAST School Of Engineering, 254,0,"PhD (Information Engineering) University of Padova, Italy (2017)"
3844,Shehzad Ahmad,Assistant Professor,http://isb.nu.edu.pk/Images/Profile/EE/3844.jpg,shehzad.ahmad@nu.edu.pk,Electrical Engineering,FAST School Of Engineering, 361,0,MS (Computer Engineering) University of Engineering and Technology (UET) (2010)
3990,M. Ibrar Khan,Assistant Professor,http://isb.nu.edu.pk/Images/Profile/EE/3990.jpg,ibrar.khan@nu.edu.pk,Electrical Engineering,FAST School Of Engineering, 185,0,MS (Telecom Engineering) National University of Computer and Emerging Sciences (NUCES) (2009)
4141,Muhammad Saeed,Assistant Professor,http://isb.nu.edu.pk/Images/Profile/EE/4141.jpg,muhammad.saeed@nu.edu.pk,Electrical Engineering,FAST School Of Engineering, 365,0,"PhD (Engineering Management) Beijing University of Posts and Telecommunications, China (2012)"
5620,Muhammad Jafar,Assistant Professor,http://isb.nu.edu.pk/Images/Profile/EE/5620.jpg,muhammad.jafar@nu.edu.pk,Electrical Engineering,FAST School Of Engineering, 186,1,"PhD (Power Electronics) Norwegian University of Science and Technology (NTNU), Norweign (2013)"
5953,Hassan Saif,Assistant Professor,http://isb.nu.edu.pk/Images/user/avatar_2x.png,hassan.saif@nu.edu.pk,Electrical Engineering,FAST School Of Engineering,,0,"PhD ( Enigneering) Sungkyunkwan University, Korea (2020)"
4738,Shahzad Saleem,Assistant Professor,http://isb.nu.edu.pk/Images/Profile/EE/4738.jpg,shahzad.saleem@nu.edu.pk,Electrical Engineering,FAST School Of Engineering, 255,1,"PhD (Electrical Engineering) Graz University of Technology, Austria (2010)"
5055,Sana Saleh,Lecturer,http://isb.nu.edu.pk/Images/Profile/EE/5055.jpg,sana.saleh@nu.edu.pk,Electrical Engineering,FAST School Of Engineering, 374,0,MS (Electrical Engineering) National University of Computer and Emerging Sciences (NUCES) (2019)
9136,Moomal Bukhari,Lecturer,http://isb.nu.edu.pk/Images/Profile/EE/9136.jpg,moomal.bukhari@nu.edu.pk,Electrical Engineering,FAST School Of Engineering, 271,0,MS (Electrical Engineering) National University of Computer and Emerging Sciences (NUCES) (2017)
9389,Maria Nasir,Lecturer,http://isb.nu.edu.pk/Images/Profile/EE/9389.jpg,maria.nasir@nu.edu.pk,Electrical Engineering,FAST School Of Engineering, 123,0,MS (Electrical Engineerin) University of Engineering and Technology (NUCES) (2019)
4669,Fakhar Abbas,Lecturer,http://isb.nu.edu.pk/Images/Profile/EE/4669.jpg,fakhar.abbas@nu.edu.pk,Electrical Engineering,FAST School Of Engineering, 261,0,MS (Electrical Engineering) National University of Computer and Emerging Sciences (NUCES) (2017)
5502,Ifrah Maqsood,Lab Engineer,http://isb.nu.edu.pk/Images/Profile/EE/5502.jpg,ifrah.maqsood@nu.edu.pk,Electrical Engineering,FAST School Of Engineering, 123,0,BS (Electrical) National University of Computer and Emerging Sciences (NUCES) (2016)
5391,Soha Saqib,Assistant Manager Academics,http://isb.nu.edu.pk/Images/Profile/EE/5391.jpg,soha.saqib@nu.edu.pk,Electrical Engineering,FAST School Of Engineering, 160,0,MA (Degree_Subject) National University of Modern Languages (NUML) (2000)
5030,Kashif Islam,Assistant Manager (EE Labs),http://isb.nu.edu.pk/Images/Profile/EE/5030.jpg,kashif.islam@nu.edu.pk,Electrical Engineering,FAST School Of Engineering, 223,0,B.tech (Electrical Engineering) Preston University (1999)
4133,M. Atif Baig,Deputy Manager (Coordination),http://isb.nu.edu.pk/Images/Profile/EE/4133.jpg,atif.baig@nu.edu.pk,Electrical Engineering,FAST School Of Engineering, 183,0,MS (Degree_Subject) Preston University (1998)
4456,Saqib Shahbaz Raja,Lab Supervisor,http://isb.nu.edu.pk/Images/Profile/EE/4456.jpg,saqib.shahbaz@nu.edu.pk,Electrical Engineering,FAST School Of Engineering, 670,0,BSc (Degree_Subject) Virtual University (VU) (2008)
4737,Ahsan Iqbal Khan,Lab Supervisor,http://isb.nu.edu.pk/Images/Profile/EE/4737.jpg,Ahsan.iqbal@nu.edu.pk,Electrical Engineering,FAST School Of Engineering, 392,0,DAE (Electrical Engineering) Punjab Board of Technical Education (PBTE) (2000)
9199,Muhammad Younas,Lab Supervisor,http://isb.nu.edu.pk/Images/Profile/EE/9199.jpg,muhammad.younas@nu.edu.pk,Electrical Engineering,FAST School Of Engineering, 377,0,BA (General) University of Karachi (2002)
5376,Ghulam Nabi,Lab Technician,http://isb.nu.edu.pk/Images/Profile/EE/5376.jpg,ghulam.nabi@nu.edu.pk,Electrical Engineering,FAST School Of Engineering, 115,0,DAE (Electrical Engineering) Punjab Board of Technical Education (PBTE) (2000)
4455,Rizwan Javed,Lab Assistant,http://isb.nu.edu.pk/Images/Profile/EE/4455.jpg,rizwan.javed@nu.edu.pk,Electrical Engineering,FAST School Of Engineering, 184,0,DAE (Electrical Engineering) SWIT (2009)
5288,Uzair Uddin Farooqi,Academic Officer,http://isb.nu.edu.pk/Images/Profile/EE/5288.jpg,uzair.farooqi@nu.edu.pk,Electrical Engineering,FAST School Of Engineering,,0,MBA (Degree_Subject) International Islamic University (IIU) (2006)
3739,Muhammad Tariq,Assistant Academic Officer,http://isb.nu.edu.pk/Images/Profile/EE/3739.jpg,malik.tariq@nu.edu.pk,Electrical Engineering,FAST School Of Engineering, 324,0,BA (General) Allama Iqbal Open University (2008)
6376,Nimra Fatima,Lab Engineer,http://isb.nu.edu.pk/Images/Profile/CS/6376.jpg,nimra.fatima@nu.edu.pk,Electrical Engineering,FAST School Of Engineering, 123,0,BE (Electrical Engineering) Air University Islamabad (2021)
3813,Sadia Nadeem,HOD & Professor,http://isb.nu.edu.pk/Images/Profile/FSM/3813.jpg,sadia.nadeem@nu.edu.pk,Management,FAST School Of Management, 182,1,"PhD (Management) Bayes Business School, City University, London, UK (2003)"
9488,Muhammad Abbas,Professor,http://isb.nu.edu.pk/Images/Profile/FSM/9488.jpg,muhammad.abbas@nu.edu.pk,Management,FAST School Of Management, 602,1,PhD (OB) International Islamic University (2014)
5332,Muhammad Akhtar,Associate Professor,http://isb.nu.edu.pk/Images/Profile/FSM/5332.jpg,muhammad.akhtar@nu.edu.pk,Management,FAST School Of Management, 205,1,"PhD (Finance) Air University, Islamabad (2017)"
5615,Haider Ali,Associate Professor,http://isb.nu.edu.pk/Images/Profile/FSM/5615.jpg,haider.ali@nu.edu.pk,Management,FAST School Of Management, 218,1,PhD (Business Administration) National University of Malaysia (2014)
5331,Abdul Wahab,Assistant Professor,http://isb.nu.edu.pk/Images/Profile/FSM/5331.jpg,abdulwahab@nu.edu.pk,Management,FAST School Of Management, 305,1,"PhD (Entrepreneurship) Universiti Utara Malaysia, Sintok, Kedah (2016)"
5333,Muhammad Bilal Saeed,Assistant Professor,http://isb.nu.edu.pk/Images/Profile/FSM/5333.jpg,bilalsaeed@nu.edu.pk,Management,FAST School Of Management, 146,1,"P.hD (Finance) Capital University of Science and Technology (CUST), Islamabad (2020)"
5334,Rehan Aftab,Assistant Professor,http://isb.nu.edu.pk/Images/Profile/FSM/5334.jpg,rehan.aftab@nu.edu.pk,Management,FAST School Of Management, 212,0,"PhD (Management Sciences (Finance) ) SZABIST, Islamabad (2023)"
5357,Muhammad Hassaan,Assistant Professor,http://isb.nu.edu.pk/Images/Profile/FSM/5357.jpg,muhammad.hassaan@nu.edu.pk,Management,FAST School Of Management, 322,0,"MS (HRM) Capital University of Science & Technology, Islamabad (2013)"
4398,Sarah Khan,Assistant Professor,http://isb.nu.edu.pk/Images/Profile/FSM/4398.jpg,sara.khan@nu.edu.pk,Management,FAST School Of Management, 338,0,"MS (Management Sciences) FAST School of Management, Islamabad (2018)"
5197,Aftab Bhatti,Assistant Professor,http://isb.nu.edu.pk/Images/Profile/FSM/5197.jpg,aftab.bhatti@nu.edu.pk,Management,FAST School Of Management, 269,0,"MS (HRM) SZABIST, Islamabad. (2010)"
5247,Danial Hasan,Assistant Professor,http://isb.nu.edu.pk/Images/Profile/FSM/5247.jpg,danial.hassan@nu.edu.pk,Management,FAST School Of Management, 317,0,MSc (Management) University of Malaysia (2011)
9541,M. Bilal Saeed,Assistant Professor,http://isb.nu.edu.pk/Images/Profile/FSM/9541.jpg,bilal.saeed@nu.edu.pk,Management,FAST School Of Management, 219,0,MS (Marketing Management) University of Canberra (2012)
5441,Amna Arsalan Farooqui,Assistant Professor,http://isb.nu.edu.pk/Images/Profile/FSM/5441.jpg,amna.farooqui@nu.edu.pk,Management,FAST School Of Management, 355,0,"MS (Management Sciences) National University of Computer & Emerging Sciences, Islamabad (2019)"
9133,Falak Khan,Assistant Professor,http://isb.nu.edu.pk/Images/Profile/FSM/9133.jpg,falak.khan@nu.edu.pk,Management,FAST School Of Management, 182,1,PHD (Finance ) FAST NUCES (2023)
9141,Shuja Ul Islam,Assistant Professor,http://isb.nu.edu.pk/Images/Profile/FSM/9141.jpg,(On leave),Management,FAST School Of Management, 337,1,"PhD (Project Management) Southwest Jiaotong University, Sichuan, China (2013)"
9151,Usman Zafar Chaudhry,Assistant Professor,http://isb.nu.edu.pk/Images/Profile/FSM/9151.JPG,usman.chaudhry@nu.edu.pk,Management,FAST School Of Management, 203,0,"MSc (International Business & Management) Bradford University School of Management, UK (2009)"
9337,Hammad Majeed,Assistant Professor,http://isb.nu.edu.pk/Images/Profile/FSM/9337.jpg,h.majeed@nu.edu.pk,Management,FAST School Of Management, 267,0,"Master of Management (Logistics & Supply Chain Management) University of Windsor, Canada (2012)"
6043,Muhammad Yasir,Assistant Professor,http://isb.nu.edu.pk/Images/Profile/FSM/6443.jpg,m.yasir@nu.edu.pk,Management,FAST School Of Management,,0,Not available
6805,Aamina Mukhtar Sheikh,Lecturer,http://isb.nu.edu.pk/Images/Profile/FSM/6805.jpg,aamina.sheikh@isb.nu.edu.pk,Management,FAST School Of Management, 175,0,"BBA (Business/Marketing) FAST NUCES, Islamabad (2007)"
6824,Muhammad Qaiser Shafi,Lecturer,http://isb.nu.edu.pk/Images/Profile/FSM/6824.jpg,qaiser.shafi@isb.nu.edu.pk,Management,FAST School Of Management, 203,0,"MS Mgt Sciences (HRM) Quaid-i-Azam University, Islamabad (2018)"
6977,Rameeza Andleeb,Lecturer,http://isb.nu.edu.pk/Images/Profile/FSM/6977.jpg,rameeza.andleeb@isb.nu.edu.pk,Management,FAST School Of Management, 355,0,PhD (Finance) Capital University of Science and Technology Islamabad (2023)
6775,Syed Muhammad Kashif Raza,Lecturer,http://isb.nu.edu.pk/Images/Profile/FSM/6775.jpg,kashif.raza@isb.nu.edu.pk,Management,FAST School Of Management, 322,0,"PhD (Statistics) National university of Science and Technology (NUST), Islamabad (2020)"
6777,Sajjad Hussain,Lecturer,http://isb.nu.edu.pk/Images/Profile/FSM/6777.jpg,sajjad.hussain@isb.nu.edu.pk,Management,FAST School Of Management, 322,0,MS (Management Sciences) Riphah International University Islamabad (2019)
9381,Mansoor Mushtaq,Lecturer,http://isb.nu.edu.pk/Images/Profile/FSM/9381.jpg,mansoor.mushtaq@nu.edu.pk,Management,FAST School Of Management, 164,0,M.Phil (Economics) Punjab Univerisity Lahore (2013)
5318,Sajjad Hanif,Lecturer,http://isb.nu.edu.pk/Images/Profile/FSM/5318.jpg,sajjad.hanif@nu.edu.pk,Management,FAST School Of Management, 604,0,MS (Finance) International Islamic University Islamabad (2018)
5093,Sidra Abbas,Lecturer,http://isb.nu.edu.pk/Images/Profile/FSM/5093.jpg,sidra.abbas@nu.edu.pk,Management,FAST School Of Management, 337,0,"MS (Marketing) SZABIST, Islamabad (2021)"
5141,Saifullah Khan,Lecturer,http://isb.nu.edu.pk/Images/Profile/FSM/5141.jpg,saifullah.khan@nu.edu.pk,Management,FAST School Of Management, 604,0,"MS (Finance) International Islamic University, Islamabad (2018)"
4379,Farah Naz,Lecturer,http://isb.nu.edu.pk/Images/Profile/SH/4379.jpg,farah.naz@nu.edu.pk,Management,FAST School Of Management, 105,0,"M.Sc (Psychology) Punjab University , Lahore (2006)"
5792,Ayesha Yaqoob,Lecturer,http://isb.nu.edu.pk/Images/Profile/FSM/5792.jpg,ayesha.yaqoob@nu.edu.pk,Management,FAST School Of Management, 175,0,MBA (Human Resource Management) NUCES-FAST Islamabad (2021)
5841,Mehmood Ur Rehman,Lecturer,http://isb.nu.edu.pk/Images/Profile/FSM/5841.JPG,mehmood.rehman@nu.edu.pk,Management,FAST School Of Management, 161,0,"MS (Business Administration) University of Wales, London (2013)"
6796,Ridda Fatima,Instructor,http://isb.nu.edu.pk/Images/Profile/FSM/6796.jpg,ridda.fatima@isb.nu.edu.pk,Management,FAST School Of Management, 206,0,BS (Accounting and Finance) NUCES-FAST (2022)
6798,Faria Eman,Instructor,http://isb.nu.edu.pk/Images/Profile/FSM/6798.jpg,faria.eman@isb.nu.edu.pk,Management,FAST School Of Management, 206,0,BS (Computer Science) FAST National University of Computer and Emerging Sciences (2023)
6222,Anas Aziz,Instructor,http://isb.nu.edu.pk/Images/Profile/FSM/6222.jpg,anasaziz@nu.edu.pk,Management,FAST School Of Management, 604,0,"MS (Management) National University of Computer & Emgering Sciences, Islamabad (2023)"
6653,Hamnah Rahat,Instructor,http://isb.nu.edu.pk/Images/Profile/FSM/6653.jpg,hamnah.rahat@isb.nu.edu.pk,Management,FAST School Of Management, 337,0,MSBA (Management Sciences) Virtual University (2018)
5405,Jabeen Akhtar,Assistant Manager Academics,http://isb.nu.edu.pk/Images/Profile/FSM/5405.jpg,jabeen.akhtar@nu.edu.pk,Management,FAST School Of Management, 137,0,Not available
4656,Tufail Ahmad,Assistant Manager Academics,http://isb.nu.edu.pk/Images/Profile/CS/4656.jpg,tufail.ahmad@nu.edu.pk,Management,FAST School Of Management, 623,0,Not available
3536,Muhammad Shiraz,Assistant,http://isb.nu.edu.pk/Images/Profile/FSM/3536.jpg,muhammad.shiraz@nu.edu.pk,Management,FAST School Of Management, 270,0,Not available
3938,Khadija Farooq,Incharge (Sciences & Humanities) & Assistant Professor,http://isb.nu.edu.pk/Images/Profile/SH/3938.jpg,khadija.farooq@nu.edu.pk,Sciences & Humanities,FAST School Of Sciences & Humanities, 383,0,"P.hD (Maths) University of Warwick, UK (2014)"
4218,M. Usman Ashraf,Professor,http://isb.nu.edu.pk/Images/Profile/SH/42182021-01-20_01.32.39.JPG,usman.ashraf@nu.edu.pk,Sciences & Humanities,FAST School Of Sciences & Humanities, 358,1,PhD (Mathematics) Comsat University Islamabad (2023)
4220,Syed Irfan Shah,Professor,http://isb.nu.edu.pk/Images/Profile/SH/4220.jpg,irfan.shah@nu.edu.pk,Sciences & Humanities,FAST School Of Sciences & Humanities, 353,1,P.hD (Math) Quaid-i-Azam University Islamabad (2016)
4385,Muhammad Tayyeb Nadeem,Professor,http://isb.nu.edu.pk/Images/Profile/SH/4385.jpg,tayyeb.nadeem@nu.edu.pk,Sciences & Humanities,FAST School Of Sciences & Humanities, 339,1,"IRI Intl. Post Doc. Fellow (Islamic Law & Jurisprudence) IIU, Islamabad (2023)"
4219,Muhammad Ali,Associate Professor,http://isb.nu.edu.pk/Images/Profile/SH/4219.jpg,m.ali@nu.edu.pk,Sciences & Humanities,FAST School Of Sciences & Humanities, 357,1,"PhD (Maths) Comsats Institute of Information Technology, Islamabad (2018)"
9383,Memoona Rasool,Assistant Professor,http://isb.nu.edu.pk/Images/Profile/SH/9383.jpg,maimoona.rasool@nu.edu.pk,Sciences & Humanities,FAST School Of Sciences & Humanities, 532,0,"M.Phil (American Studies) Quaid-i-Azam University , Islamabad (2009)"
3940,Aisha Ijaz,Assistant Professor,http://isb.nu.edu.pk/Images/Profile/SH/3940.jpg,aisha.ijaz@nu.edu.pk,Sciences & Humanities,FAST School Of Sciences & Humanities, 362,0,"M.Phil (Physics) Quaid-i-Azam University , Islamabad (2006)"
4127,Mehwish Hassan,Assistant Professor,http://isb.nu.edu.pk/Images/Profile/SH/4127.jpg,mehwish.hassan@nu.edu.pk,Sciences & Humanities,FAST School Of Sciences & Humanities, 363,0,"P.hD (Maths, Engineering) University of Brescia, Italy (2015)"
4214,Farah Jabeen Awan,Assistant Professor,http://isb.nu.edu.pk/Images/Profile/SH/4214.jpg,farah.awan@nu.edu.pk,Sciences & Humanities,FAST School Of Sciences & Humanities, 105,0,"P.hD (Maths) HITEC University, Taxila (2016)"
4576,Khalil Ullah,Assistant Professor,http://isb.nu.edu.pk/Images/Profile/SH/4576.jpg,khalil.awan@nu.edu.pk,Sciences & Humanities,FAST School Of Sciences & Humanities, 358,0,"M.Phil (Statistics ) Quaid-i-Azam Univeristy, Islamabad (2009)"
5248,Hamda Khan,Assistant Professor,http://isb.nu.edu.pk/Images/Profile/SH/5248.jpg,hamda.khan@nu.edu.pk,Sciences & Humanities,FAST School Of Sciences & Humanities, 362,0,"P.hD (Mathmatics) Riphah International University, Islamabad (2020)"
3442,Shahzad Mahmood,Assistant Professor,http://isb.nu.edu.pk/Images/Profile/SH/3442.jpg,shahzad.mahmood@nu.edu.pk,Sciences & Humanities,FAST School Of Sciences & Humanities, 209,0,"MS (English) International Islamic University , Islamabad (2019)"
5354,Sehrish Hassan Shigri,Lecturer,http://isb.nu.edu.pk/Images/Profile/SH/5354.jpg,sehrish.hassan@nu.edu.pk,Sciences & Humanities,FAST School Of Sciences & Humanities, 257,0,"P.hD (Maths) Comsats Institute of Information Technology, Islamabad (2019)"
5898,Sana Ilyas,Lecturer,http://isb.nu.edu.pk/Images/user/avatar_2x.png,sanaa.ilyas@nu.edu.pk,Sciences & Humanities,FAST School Of Sciences & Humanities, 612,0,"MA (English) Fatima Jinnah Women University, Rawalpindi (2015)"
5902,Zunera Malik,Lecturer,http://isb.nu.edu.pk/Images/user/avatar_2x.png,zunaira.malik@nu.edu.pk,Sciences & Humanities,FAST School Of Sciences & Humanities, 382,0,"M.Phil (( )) Air University, Islamabad (2019)"
9341,Sadia Nauman,Lecturer,http://isb.nu.edu.pk/Images/Profile/SH/9341.jpg,sadia.nauman@nu.edu.pk,Sciences & Humanities,FAST School Of Sciences & Humanities, 532,0,"M.Phil (English) Government College University, Faisalabad (2014)"
9529,Sumera Abbas,Lecturer,http://isb.nu.edu.pk/Images/Profile/SH/9529.jpg,sumera.abbas@nu.edu.pk,Sciences & Humanities,FAST School Of Sciences & Humanities, 388,0,"MA (English) National University of Modern Languages, Islamabad (2006)"
