ID,Name,Desigination,HEC Approved PHD Supervisor,Highest Education,Email,School,Department,Extension,ImageURL
1238,Dr. Kashif Zafar,Professor,1,"PhD (CS), NUCES, Islamabad (2010)",kashif.zafar@nu.edu.pk,Fast School Of Computing ,CS,(042) 111-128-128 Ext:569,/media/Faculty/01._Dr_Kashif_Zafar_Prof._CS.JPG
4391,Dr. Asif Mahmood Gillani,Professor,1,"Ph.D(Computing), University of Patras , Greece (2002)",asif.gilani@nu.edu.pk,Fast School Of Computing ,CS,(042) 111-128-128 Ext:558,/media/Faculty/02._Dr_Asif_Mehmood_Gilani_Prof._CS.JPG
6113,Dr. Asma Naseer,Professor,1,"PhD (CS), NUCES, Lahore (2018)",asma.naseer@nu.edu.pk,Fast School Of Computing ,CS,(042) 111-128-128 Ext:634,/media/Faculty/07._Dr_Asma_Naseer_Assoc._Prof._CS.png
4329,Dr. Zareen Alamgir,Professor,1,"Ph.D (CS), NUCES, Lahore (2014)",zareen.alamgir@nu.edu.pk,Fast School Of Computing ,CS,(042) 111-128-128 Ext:612,/media/Faculty/03._Dr_Zareen_Alamgir_Prof._CS.JPG
6968,Dr. Aasim Qureshi,"Associate Professor
                        
                        
                        
                        ",0,"PhD (CS), University Teknologi, Malaysia, (2015)",aasim.qureshi@nu.edu.pk,Fast School Of Computing ,CS,(042) 111-128-128 Ext:558,/media/Faculty/Dr._Muhammad_Aasim_Qureshi.jpg
6174,Dr. Arshad Ali,Associate Professor,1,"PhD (CS),UPMC (Paris VI ), France, (2012)",arshad.ali1@nu.edu.pk,Fast School Of Computing ,CS,(042) 111-128-128 Ext:607,/media/Faculty/04._Sr_Arshad_Ali_Assoc._Prof._CS.JPG
5181,Dr. Rana Asif Rehman,Associate Professor,1,"PhD (Electronics & Computer Engineering), Hongik University, South Korea (2016)",r.asif@nu.edu.pk,Fast School Of Computing ,CS,(042) 111-128-128 Ext:595,/media/Faculty/05-_Dr_Rana_Asif_Rehman_Assoc._Prof._CS.JPG
4261,Dr. Saira Karim,Associate Professor,1,"PhD (CS), NUCES, Lahore (2013)",saira.karim@nu.edu.pk,Fast School Of Computing ,CS,(042) 111-128-128 Ext:617,/media/Faculty/06._Dr_Saira_Karim_Assoc._Prof._CS.JPG
6048,Dr. Zeeshan Ali Khan,Associate Professor,1,"PhD (Distributed Embedded Systems), University of Nice-Sophia Antipolis, France (2011)",zeeshanali.khan@nu.edu.pk,Fast School Of Computing ,CS,(042) 111-128-128 Ext:606,/media/Faculty/08._Dr_Zeeshan_Ali_Khan_Assoc._Prof._CS.JPG
5116,Dr. Aatira Anum,"Assistant Professor
                        
                        
                        
                        ",0,"PhD (CS), LUMS, Lahore (2023)",aatira.anum@nu.edu.pk,Fast School Of Computing ,CS,(042) 111-128-128 Ext:586,/media/Faculty/12._Dr_Aatira_Anum_Asst._Prof._CS.JPG
6811,Dr. Abdul Qadeer,"Assistant Professor
                        
                        
                        
                        ",0,"PhD (CS), University of Southern, California (2021)",aqadeer@nu.edu.pk,Fast School Of Computing ,CS,(042) 111-128-128 Ext:644,/media/Faculty/13._Dr_Abdul_Qadeer_Asst._Prof._CS.JPG
4236,Dr. Ahmad Raza,"Assistant Professor
                        
                        
                        
                        ",0,"PhD (Engineering & IT), University of Technology Sydney (UTS), Australia (2023)",muhammad.ahmadraza@nu.edu.pk,Fast School Of Computing ,CS,(042) 111-128-128 Ext:621,/media/Faculty/14._Dr_Ahmad_Raza_Asst._Prof._CS.JPG
6418,Dr. Ammar Haider,"Assistant Professor
                        
                        
                        
                        ",0,"PhD (CS), Monash University, Australia (2013)",ammar.haider@nu.edu.pk,Fast School Of Computing ,CS,(042) 111-128-128 Ext:597,/media/Faculty/10._Dr_Ammar_Haider_Assist._Prof._CS.png
6667,Dr. Faisal Aslam,"Assistant Professor
                        
                        
                        
                        ",0,"PhD (PL), University of Frieburg, Germany (2011)",faisal.aslam@nu.edu.pk,Fast School Of Computing ,CS,(042) 111-128-128 Ext:614,/media/Faculty/11._Dr_Faisal_Aslam_Asst._Prof._CS.JPG
9539,Dr. Haroon Mahmood,Assistant Professor,1,"Ph.D(Computer and Control Engineering), Politecno di Torino, Italy (2014)",haroon.mahmood@nu.edu.pk,Fast School Of Computing ,CS,(042) 111-128-128 Ext:237,/media/Faculty/08_-_Dr._Haroon_Mahmood_Asst_Prof_CS.jfif
6273,Dr. Iqra Safder,"Assistant Professor
                        
                        
                          On Leave 
                        ",0,"PhD (CS), ITU, Lahore, 2021",iqra.safder@nu.edu.pk,Fast School Of Computing ,CS,(042) 111-128-128 Ext:None,/media/Faculty/13_-_Dr._Iqra_Safdar_Asst_Prof_CS.JPG
6302,Dr. Syed Mohammad Irteza,Assistant Professor,1,"PhD (CS), LUMS, Lahore (2018)",m.Irteza@nu.edu.pk,Fast School Of Computing ,CS,(042) 111-128-128 Ext:247,/media/Faculty/6302_5wrK2JS.png
6255,Dr. Tahir Ejaz,"Assistant Professor
                        
                        
                        
                        ",0,"PhD (Natural Science), TU Dortmund University, Germany (2016)",tahir.ejaz@nu.edu.pk,Fast School Of Computing ,CS,(042) 111-128-128 Ext:553,/media/Faculty/09._Dr_Tahir_Ejaz_Asst._Prof._CS.JPG
5424,Dr. Hammad Naveed,Adj. Professor,1,"Ph.D. (Bioengineering), The University of Illinois at Chicago, USA (2012)",hammad.naveed@nu.edu.pk,Fast School Of Computing ,CS,(042) 111-128-128 Ext:227,/media/Faculty/01_-_Dr._Hammad_Naveed_Professor_CS__Director.JPG
3720,Mr. Aamir Raheem,"Assistant Professor
                        
                        
                        
                        ",0,"MS (CS), NUCES, Lahore (2006)",aamir.raheem@nu.edu.pk,Fast School Of Computing ,CS,(042) 111-128-128 Ext:559,/media/Faculty/18-_Aamir_Raheem_Asst._Prof._CS.JPG
5054,Ms. Abeeda Akram,"Assistant Professor
                        
                        
                        
                        ",0,"MS(CS), NUCES, Lahore (2015)",abeeda.akram@nu.edu.pk,Fast School Of Computing ,CS,(042) 111-128-128 Ext:593,/media/Faculty/22-_Abeeda_Akram_Asst._Prof._CS.JPG
4234,Ms. Bushra Rashid,"Assistant Professor
                        
                        
                        
                        ",0,"M.S (TE), NUCES, Lahore (2012)",bushra.rashid@nu.edu.pk,Fast School Of Computing ,CS,(042) 111-128-128 Ext:247,/media/Faculty/4234.jfif
4015,Mr. Ishaq Raza,"Assistant Professor
                        
                        
                        
                        ",0,"MS(CS), UCP, Lahore (2013)",ishaq.raza@nu.edu.pk,Fast School Of Computing ,CS,(042) 111-128-128 Ext:214,/media/Faculty/17_-_Ishaq_Raza_Asst_Prof_CS.JPG
4507,Ms. Lehmia Kiran,"Assistant Professor
                        
                        
                          On Leave 
                        ",0,"MS (CS), NUCES, Lahore  (2010)",lehmia.kiran@nu.edu.pk,Fast School Of Computing ,CS,(042) 111-128-128 Ext:604,/media/Faculty/027_Lehmia_Kiran_AP_CS-removebg-preview.png
4239,Ms. Maimoona Akram,"Assistant Professor
                        
                        
                        
                        ",0,"M.S (EE), NU- Lahore, Pakistan (2013)",maimoona.akram@nu.edu.pk,Fast School Of Computing ,CS,(042) 111-128-128 Ext:247,/media/Faculty/4239.jfif
5103,Mr. Mirza Waqar Baig,"Assistant Professor
                        
                        
                        
                        ",0,"MS (E& CE), Hanyang University, South Korea, Republic of (2011)",waqar.baig@nu.edu.pk,Fast School Of Computing ,CS,(042) 111-128-128 Ext:414,/media/Faculty/5103_1_J2wijfr.png
5221,Ms. Noshaba Nasir,"Assistant Professor
                        
                        
                          On Leave 
                        ",0,"M.S(CS), FAST-NUCES Lahore, Pakistan (2016)",noshaba.nasir@nu.edu.pk,Fast School Of Computing ,CS,(042) 111-128-128 Ext:219,/media/Faculty/028_Noshaba_Nasir_AP_CS-removebg-preview_1.png
5115,Ms. Samin Iftikhar,"Assistant Professor
                        
                        
                        
                        ",0,"MS(CS), NUCES, Lahore (2014)",samin.iftikhar@nu.edu.pk,Fast School Of Computing ,CS,(042) 111-128-128 Ext:581,/media/Faculty/images.jpeg-5-removebg-preview.png
4232,Ms. Sobia Tariq Javed,"Assistant Professor
                        
                        
                        
                        ",0,"MS (CS), NUCES, Lahore (2007)",sobia.tariq@nu.edu.pk,Fast School Of Computing ,CS,(042) 111-128-128 Ext:641,/media/Faculty/21_-_Sobia_Tariq_Javed_Asst_Prof_CS.JPG
5230,Mr. Waqas Manzoor,"Assistant Professor
                        
                        
                        
                        ",0,"MS (CS), NUCES, Lahore (2015)",waqas.manzoor@nu.edu.pk,Fast School Of Computing ,CS,(042) 111-128-128 Ext:618,/media/Faculty/20_-_Waqas_Manzoor_Asst_Prof_CS.JPG
6172,Ms. Aleena Ahmad,"Lecturer
                        
                        
                        
                        ",0,"MS (Software Engineering), NUST, Islamabad (2020)",aleena.ahmad@nu.edu.pk,Fast School Of Computing ,CS,(042) 111-128-128 Ext:552,/media/Faculty/28_-_Aleena_Ahmad_Lecturer_CS_eicLpEA.JPG
6924,Ms. Aqsa Khalid,"Lecturer
                        
                        
                        
                        ",0,"MS (DS), ITU, Lahore (2023)",aqsa.khalid@nu.edu.pk,Fast School Of Computing ,CS,(042) 111-128-128 Ext:551,/media/Faculty/Aqsa_Khalid.jpg
6723,Ms. Asbah Khalid,"Lecturer
                        
                        
                          On Leave 
                        ",0,"MS (Data Science), NUCES, Lahore (2023)",asbah.khalid@lhr.nu.edu.pk,Fast School Of Computing ,CS,(042) 111-128-128 Ext:360,/media/Faculty/WhatsApp_Image_2024-02-21_at_11.38.34_AM-removebg-preview.png
6553,Mr. Danyal Farhat,"Lecturer
                        
                        
                        
                        ",0,"MS (CS), UCP, Lahore (2021)",danyal.farhat@nu.edu.pk,Fast School Of Computing ,CS,(042) 111-128-128 Ext:642,/media/Faculty/6553.jpg
6308,Mr. Hafiz Usama Hassan Alvi,"Lecturer
                        
                        
                        
                        ",0,"MPhil (CS), PUCIT, Lahore (2019)",usama.hassan@nu.edu.pk,Fast School Of Computing ,CS,(042) 111-128-128 Ext:582,/media/Faculty/24_-_Usama_Hassan_Alvi_Lecturer_CS.JPG
6419,Ms. Hira Butt,"Lecturer
                        
                        
                        
                        ",0,"MS (CS), UCP, Lahore (2022)",hira.butt@nu.edu.pk,Fast School Of Computing ,CS,(042) 111-128-128 Ext:580,/media/Faculty/37_-_Hira_Butt_Jun._Lecturer_CS_lxWdszd.JPG
6820,Ms. Kiran Khurshid,"Lecturer
                        
                        
                        
                        ",0,"MS (Software Project Management), NUCES, Lahore (2008)",kiran.khurshid@nu.edu.pk,Fast School Of Computing ,CS,(042) 111-128-128 Ext:594,/media/Faculty/DSC05151_1_-removebg-preview.png
6277,Ms. Maham Naeem,"Lecturer
                        
                        
                        
                        ",0,"MS (CS), NUCES, Lahore (2020)",maham.naeem@nu.edu.pk,Fast School Of Computing ,CS,(042) 111-128-128 Ext:615,/media/Faculty/6277.jpg
6253,Ms. Mamoona Akbar Khan,"Lecturer
                        
                        
                        
                        ",0,"MS (CS), NUCES, Lahore (2021)",mamoona.akbar@nu.edu.pk,Fast School Of Computing ,CS,(042) 111-128-128 Ext:587,/media/Faculty/38-_Mamoona_Akbar_Jun._Lecturer_CS.JPG
6415,Mr. Mubashar Hussain,"Lecturer
                        
                        
                        
                        ",0,"MS (CS), COMSATS, Lahore (2021)",mubashar.hussain@nu.edu.pk,Fast School Of Computing ,CS,(042) 111-128-128 Ext:638,/media/Faculty/30_-_Mubashar_HussaIn_Lecturer_CS.jpg
6114,Mr. Muhammad Naveed,"Lecturer
                        
                        
                        
                        ",0,,muhammad.naveed@nu.edu.pk,Fast School Of Computing ,CS,(042) 111-128-128 Ext:554,/media/Faculty/27_-_Muhammad_Naveed_Lecturer_CS.JPG
6554,Ms. Namra Absar,"Lecturer
                        
                        
                        
                        ",0,"MPhil (CS), PUCIT, Lahore (2019)",namra.absar@nu.edu.pk,Fast School Of Computing ,CS,(042) 111-128-128 Ext:557,/media/Faculty/6554.jpg
6552,Ms. Rubab Anam Janjua,"Lecturer
                        
                        
                        
                        ",0,"MS (CS), LCWU, Lahore (2017)",rubab.anam@nu.edu.pk,Fast School Of Computing ,CS,(042) 111-128-128 Ext:637,/media/Faculty/6552.jpg
6268,Mr. Saifullah Tanvir,"Lecturer
                        
                        
                        
                        ",0,"MS (CS), NUCES, Lahore (2021)",saifullah.tanvir@nu.edu.pk,Fast School Of Computing ,CS,(042) 111-128-128 Ext:575,/media/Faculty/26_-_Saifullah_Tanvir_Lecturer_CS_siJWJG8.jpg
6773,Mr. Sajid Ali Kazmi,"Lecturer
                        
                        
                        
                        ",0,"MPhil (CS), PUCIT, Lahore (2023)",sajid.kazmi@nu.edu.pk,Fast School Of Computing ,CS,(042) 111-128-128 Ext:600,/media/Faculty/6773.jpg
5986,Mr. Salman Shoaib,"Lecturer
                        
                        
                        
                        ",0,"MS (EE), NUCES, Lahore (2019)",salman.shoaib@nu.edu.pk,Fast School Of Computing ,CS,(042) 111-128-128 Ext:570,/media/Faculty/40_-_Salman_Shoaib_Instructor_CS.JPG
6719,Ms. Seemab Ayub,"Lecturer
                        
                        
                        
                        ",0,"BS (CS), PU, Lahore (2018)",seemab.ayub@nu.edu.pk,Fast School Of Computing ,CS,(042) 111-128-128 Ext:627,/media/Faculty/6719.jpg
6309,Mr. Syed Uzair Hussain Naqvi,"Lecturer
                        
                        
                        
                        ",0,"MS (CS), LUMS, Lahore (2020)",uzair.naqvi@nu.edu.pk,Fast School Of Computing ,CS,(042) 111-128-128 Ext:304,/media/Faculty/25_-_Syed_Uzair_Hussain_Lecturer_CS.JPG
6722,Mr. Usman Anwer,"Lecturer
                        
                        
                        
                        ",0,"BS (CSE), Islamia University,  Bahawalpur (2015)",usman.anwer@lhr.nu.edu.pk,Fast School Of Computing ,CS,(042) 111-128-128 Ext:630,/media/Faculty/6722.png
6662,Mr. Zeeshan Nazar,"Lecturer
                        
                        
                        
                        ",0,"MS (CS), NUCES, Peshawar (2021)",zeeshan.nazar@nu.edu.pk,Fast School Of Computing ,CS,(042) 111-128-128 Ext:588,/media/Faculty/6662.png
6928,Ms. Amina Qaiser,"Instructor
                        
                        
                        
                        ",0,"BS (CS), NUCES Lahore (2023)",amina.qaiser@nu.edu.pk,Fast School Of Computing ,CS,(042) 111-128-128 Ext:599,/media/Faculty/Amina_Qaiser.jpg
6838,Mr. Hashir Mohsineen,"Instructor
                        
                        
                        
                        ",0,"BS (Computer Science), NUCES, Chiniot- Faisalabad (2021)",hashir.mhsineen@lhr.nu.edu.pk,Fast School Of Computing ,CS,(042) 111-128-128 Ext:630,/media/Faculty/6838.jpg
6422,Mr. Junaid Hussain Muzammal,"Instructor
                        
                        
                        
                        ",0,"BS (CS), NUCES, Lahore (2018)",junaid.hussain@nu.edu.pk,Fast School Of Computing ,CS,(042) 111-128-128 Ext:906,/media/Faculty/Junaid_Hussain_Muzammal.jpg
6929,Ms. Maria Hassan,"Instructor
                        
                        
                        
                        ",0,"BS (CS), NUCES Islamabad (2023)",maria.hassan@nu.edu.pk,Fast School Of Computing ,CS,(042) 111-128-128 Ext:632,/media/Faculty/Maria_Hassan.jpg
6718,Ms. Sukhan Amir,"Instructor
                        
                        
                        
                        ",0,"BS (CS), NUCES, Lahore (2023)",sukhan.amir@nu.edu.pk,Fast School Of Computing ,CS,(042) 111-128-128 Ext:627,/media/Faculty/6718.png
6663,Ms. Zoha Waheed,"Instructor
                        
                        
                        
                        ",0,"BS (EE), NUCES, Lahore (2018)",zoha.waheed@nu.edu.pk,Fast School Of Computing ,CS,(042) 111-128-128 Ext:632,/media/Faculty/6663.png
6943,Mr. Zulqarnain,"Instructor
                        
                        
                        
                        ",0,"BS (CS), NUCES, Lahore 2023",zulqarnain.Ishaq@nu.edu.pk,Fast School Of Computing ,CS,(042) 111-128-128 Ext:None,/media/Faculty/Zulqarnain.jpg
6770,Ms. Marwa Khan,"Junior Lecturer
                        
                        
                        
                        ",0,"MS (Computer Science), NUCES, Lahore (2022)",marwa.khan@nu.edu.pk,Fast School Of Computing ,CS,(042) 111-128-128 Ext:610,/media/Faculty/6770.png
6176,Mr. Nauman Moazzam Hayat,"Adj. Faculty
                        
                        
                        
                        ",0,"MS (EE), University of Southern California, USA (2001)",nauman.moazzam@nu.edu.pk,Fast School Of Computing ,CS,(042) 111-128-128 Ext:619,/media/Faculty/23_-_Nauman_Moazzam_Hayat_Ad._Faculty_CS.jpg
6771,Ms. Saba Tariq,"Junior Lecturer
                        
                        
                        
                        ",0,"MS (CS), NUCES, Lahore (2023)",saba.tariq@nu.edu.pk,Fast School Of Computing ,CS,(042) 111-128-128 Ext:610,/media/Faculty/6771.png
4027,Dr. Aamir Wali,Professor,1,"PhD (CS), NUCES, Lahore (2019)",aamir.wali@nu.edu.pk,Fast School Of Computing ,DS,(042) 111-128-128 Ext:572,/media/Faculty/51._Dr_Aamir_Wali_Prof._AIDS.JPG
9540,Dr. Maryam Bashir,Associate Professor,1,"Ph.D (CS), Northeastern University, Boston, USA (2014)",maryam.bashir@nu.edu.pk,Fast School Of Computing ,DS,(042) 111-128-128 Ext:635,/media/Faculty/52._Dr_Maryam_Bashir_Asst._Prof._AIDS.JPG
4335,Dr. Asma Ahmad Farhan,"Assistant Professor
                        
                        
                        
                        ",0,"PhD (CS), University of Connecticut, USA (2016)",asma.ahmad@nu.edu.pk,Fast School Of Computing ,DS,(042) 111-128-128 Ext:212,/media/Faculty/54._Dr_Asma_Ahmad_Asst._Prof._AIDS.png
6562,Dr. Hajra Waheed,"Assistant Professor
                        
                        
                        
                        ",0,"PhD (CS), ITU, Lahore (2022)",hajra.waheed@nu.edu.pk,Fast School Of Computing ,DS,(042) 111-128-128 Ext:625,/media/Faculty/55._Dr_Hajra_Waheed_Asst._Prof._AIDS.png
5114,Dr. Mirza Mubasher Baig,Assistant Professor,1,"Ph.D (CS), LUMS, Lahore (2016)",mubasher.baig@nu.edu.pk,Fast School Of Computing ,DS,(042) 111-128-128 Ext:591,/media/Faculty/53._Dr_Mirza_Mubasher_Baig_Asst._Prof._AIDS.JPG
6379,Ms. Ansa Liaqat,"Lecturer
                        
                        
                        
                        ",0,"MS (AI), NUCES, Islamabad (2023)",ansa.liaqat@nu.edu.pk,Fast School Of Computing ,DS,(042) 111-128-128 Ext:None,/media/Faculty/6379.png
6788,Ms. Eesha Tur Razia Babar,"Lecturer
                        
                        
                        
                        ",0,"MSc ( Electrical and Computer Engineering),  University of California Irvine, USA (2023)",esha.razia@nu.edu.pk,Fast School Of Computing ,DS,(042) 111-128-128 Ext:556,/media/Faculty/6788.png
6307,Mr. Hamad Ul Qudous,"Lecturer
                        
                        
                        
                        ",0,"MS (CS), NUCES, Lahore (2016)",hamad.ulqudous@nu.edu.pk,Fast School Of Computing ,DS,(042) 111-128-128 Ext:620,/media/Faculty/51-_Hamad_Ul_Qudous_Lecturer_AI-DS.JPG
6588,Mr. M. Saif Ul Islam,"Lecturer
                        
                        
                        
                        ",0,"MS (DS), NUCES, Karachi (2019)",muhammad.saif@nu.edu.pk,Fast School Of Computing ,DS,(042) 111-128-128 Ext:603,/media/Faculty/31-_M._Saif_Ul_Islam_Lecturer_CS.JPG
6171,Ms. Sana Fatima,"Lecturer
                        
                        
                        
                        ",0,"MS (CS), NUCES, Lahore, (2021)",sana.fatima@nu.edu.pk,Fast School Of Computing ,DS,(042) 111-128-128 Ext:589,/media/Faculty/49-_Sana_Fatima_Lecturer_AI-DS.JPG
6559,Ms. Umm E Ammarah,"Lecturer
                        
                        
                        
                        ",0,"MPhil (CS), PU, Lahore (2020)",umme.ammarah@nu.edu.pk,Fast School Of Computing ,DS,(042) 111-128-128 Ext:631,/media/Faculty/53-_Umm_e_Ammarah_Lecturer_AI-DS.JPG
6791,Mr. Aqib Zeeshan,"Instructor
                        
                        
                        
                        ",0,"BS (Computer Science), UMT, Lahore (2015)",aqib.zeeshan@nu.edu.pk,Fast School Of Computing ,DS,(042) 111-128-128 Ext:611,/media/Faculty/6791.jpg
6558,Ms. Samman Ashraf,"Junior Lecturer
                        
                        
                          On Leave 
                        ",0,"MS (CS), UCP, Lahore (2020)",samman.ashraf@nu.edu.pk,Fast School Of Computing ,DS,(042) 111-128-128 Ext:None,/media/Faculty/39-_Samman_Ashraf_Jun._Lect._CS.JPG
4677,Dr. Farooq Ahmed,"Assistant Professor
                         & Coordinator 
                        
                        
                        
                        ",0,"PhD (CS) NUCES, Lahore (2022)",farooq.ahmad@nu.edu.pk,Fast School Of Computing ,SE,(042) 111-128-128 Ext:577,/media/Faculty/54_-_Dr._Farooq_Ahmed_Asst._Prof.__HoD_SE.JPG
9113,Dr. Ali Afzal Malik,Associate Professor,1,"Ph.D (CS), University of Southern, California, United States (2010)",ali.afzal@nu.edu.pk,Fast School Of Computing ,SE,(042) 111-128-128 Ext:311,/media/Faculty/65._Dr_Ali_Afzal_Malik_Asst._Prof._SE.JPG
5466,Dr. Zeeshan Ali Rana,Assistant Professor,1,"Ph.D (CS), LUMS, Lahore (2016)",zeeshan.rana@nu.edu.pk,Fast School Of Computing ,SE,(042) 111-128-128 Ext:562,/media/Faculty/66_Dr_Zeeshan_Ali_Rana_Asst._Prof._SE_iNsvzAa.JPG
6311,Ms. Anosha Khan,"Lecturer
                        
                        
                        
                        ",0,"M PHIL (CS), PUCIT, Lahore (2020)",anosha.khan@nu.edu.pk,Fast School Of Computing ,SE,(042) 111-128-128 Ext:626,/media/Faculty/60-_Anosha_Khan_Lecturer_SE.JPG
6305,Ms. Arooj Khalil,"Lecturer
                        
                        
                        
                        ",0,"MS (CS), NUCES, Lahore (2020)",arooj.khalil@nu.edu.pk,Fast School Of Computing ,SE,(042) 111-128-128 Ext:633,/media/Faculty/59-_Arooj_Khalil_Lecturer_SE.JPG
6274,Mr. Fraz Yousaf,"Lecturer
                        
                        
                        
                        ",0,"MS (CS),NUCES, Lahore (2022)",fraz.yousaf@nu.edu.pk,Fast School Of Computing ,SE,(042) 111-128-128 Ext:598,/media/Faculty/61_-_Fraz_Yousaf_Lecturer_SE.JPG
6551,Ms. Hina Iqbal,"Lecturer
                        
                        
                        
                        ",0,"MS (SE), UET, Taxila (2015)",hina.iqbal@nu.edu.pk,Fast School Of Computing ,SE,(042) 111-128-128 Ext:560,/media/Faculty/54-_Hina_Iqbal_Lecturer_SE.JPG
6549,Ms. Mamoona Majid,"Lecturer
                        
                        
                        
                        ",0,"MS (CS), UET, Lahore (2019)",mamoona.majid@nu.edu.pk,Fast School Of Computing ,SE,(042) 111-128-128 Ext:602,/media/Faculty/65_-_Mamoona_Majid_Lecturer_SE.JPG
6560,Ms. Mehroze Khan,"Lecturer
                        
                        
                        
                        ",0,"MS (CS), NUCES, Lahore (2021)",mehroze.khan@nu.edu.pk,Fast School Of Computing ,SE,(042) 111-128-128 Ext:629,/media/Faculty/66_-_Mehroze_Khan_Lecturer_SE.JPG
6295,Ms. Momna Zaneb,"Lecturer
                        
                        
                        
                        ",0,"MS (SPM), NUCES, Lahore (2021)",momna.zaneb@nu.edu.pk,Fast School Of Computing ,SE,(042) 111-128-128 Ext:590,/media/Faculty/58_-_Momna_Zaneb_Lect_SE.jpg
5967,Mr. Razi-uddin,"Lecturer
                        
                        
                        
                        ",0,"MS (CS), NUCES, Lahore, (2020)",razi.uddin@nu.edu.pk,Fast School Of Computing ,SE,(042) 111-128-128 Ext:592,/media/Faculty/57_-_Razi_Uddin_Lecturer_SE.JPG
6925,Mr. Syed Ayaz Gillani,"Lecturer
                        
                        
                        
                        ",0,"MS (CS), UCP, Lahore (2022)",ayaz.gillani@nu.edu.pk,Fast School Of Computing ,SE,(042) 111-128-128 Ext:None,/media/Faculty/Syed_Ayaz_Gillani.jpg
6927,Mr. Waqas Ali,"Lecturer
                        
                        
                        
                        ",0,"MS (SE), UMT, Lahore (2018)",rana.waqasali@nu.edu.pk,Fast School Of Computing ,SE,(042) 111-128-128 Ext:600,/media/Faculty/Waqas_Ali.jpg
6767,Mr. Muhammad Hasan,"Instructor
                        
                        
                        
                        ",0,"MSc (CS), COMSATS, Sahiwal (2019)",m.hasan@nu.edu.pk,Fast School Of Computing ,SE,(042) 111-128-128 Ext:611,/media/Faculty/6767_1.png
6568,Ms. Syeda Zehra Batool,"Instructor
                        
                        
                          On Leave 
                        ",0,"MS (CS), NUCES, Lahore (2021)",zehra.batool@nu.edu.pk,Fast School Of Computing ,SE,(042) 111-128-128 Ext:525,/media/Faculty/6568.jpg
6772,Mr. Amir Iqbal,"Adj. Faculty
                        
                        
                        
                        ",0,"MS (CS), NUCES, Lahore (2007)",amir.iqbal@nu.edu.pk,Fast School Of Computing ,SE,(042) 111-128-128 Ext:None,/media/Faculty/6772.png
4198,Dr. Saima Zafar,Professor & HOD,1,"PhD (Electrical Engineering), UET, Lahore (2011)",saima.zafar@nu.edu.pk,Fast School Of Engineering,Electrical Engineering,(042) 111-128-128 Ext:265,/media/Faculty/73_-_Dr._Saima_Zafar.JPG
4108,Dr. S.M. Sajid,Professor,1,"PhD (Electrical Engineering), Graz University of Technology , Austria (2007)",sm.sajid@nu.edu.pk,Fast School Of Engineering,Electrical Engineering,(042) 111-128-128 Ext:315,/media/Faculty/92_-_Dr._S.M._Sajid_Professor_EE.JPG
5421,Dr. Syed Aun Abbas,"Professor
                        
                        
                        
                        ",0,"PhD (Electrical Engineering),Carleton University, Canada (1997)",aun.abbas@nu.edu.pk,Fast School Of Engineering,Electrical Engineering,(042) 111-128-128 Ext:254,/media/Faculty/93_-_Dr._Aun_Abbas_Professor_EE.JPG
4609,Dr. Omer Saleem,Associate Professor,1,"PhD (Electrical Engineering), UET, Lahore (2021)",omer.saleem@nu.edu.pk,Fast School Of Engineering,Electrical Engineering,(042) 111-128-128 Ext:364,/media/Faculty/95_-_Dr._Omer_Saleem_Asst_Prof_EE.JPG
6942,Dr. Huzaifa Rauf,"Assistant Professor
                        
                        
                        
                        ",0,"PhD (EE), LUMS, Lahore (2024)",huzaifa.rauf@nu.edu.pk,Fast School Of Engineering,Electrical Engineering,(042) 111-128-128 Ext:235,/media/Faculty/Dr._Huzaifa_Rauf.jpg
9452,Dr. Kashif Saeed,"Assistant Professor
                        
                        
                        
                        ",0,"PhD (Mechanical Engineering), ARTS ET METIERS PARIS TECH (ENSAM), France (2010)",kashif.saeed@nu.edu.pk,Fast School Of Engineering,Electrical Engineering,(042) 111-128-128 Ext:244,/media/Faculty/94_-_Dr._Kashif_Saeed_Asst_Prof._EE.JPG
4023,Mr. Abdul Majid,"Assistant Professor
                        
                        ",0,"MSc (Electrical Engineering), UET, Lahore (2006)",abdul.majid@nu.edu.pk,Fast School Of Engineering,Electrical Engineering,(042) 111-128-128 Ext:146,/media/Faculty/98_-_Abdul_Majid_Asst_Prof_EE.JPG
4233,Ms. Beenish Fatima,"Assistant Professor
                        
                        ",0,"MS (Telecom Engineering), NUCES, Lahore (2010)",beenish.fatima@nu.edu.pk,Fast School Of Engineering,Electrical Engineering,(042) 111-128-128 Ext:314,/media/Faculty/102_-_Beenish_Fatima_Asst_Prof_EE.JPG
3669,Mr. Haris Mujtaba,"Assistant Professor
                        
                        ",0,"ME (Engineering), Hamdard University, Karachi (2009)",haris.kazmi@nu.edu.pk,Fast School Of Engineering,Electrical Engineering,(042) 111-128-128 Ext:421,/media/Faculty/103_-_Syed_Haris_Mujtaba_Asst_Prof_EE.JPG
3461,Mr. Mohsin Yousaf,"Assistant Professor
                        
                        ",0,"MS (Electrical Engineering), NUCES, Lahore (2010)",mohsin.yousuf@nu.edu.pk,Fast School Of Engineering,Electrical Engineering,(042) 111-128-128 Ext:317,/media/Faculty/100_-_Mohsin_Yousaf_Asst_Prof_EE.JPG
4484,Ms. Shazia Haque,"Assistant Professor
                        
                        ",0,"MS (Information Technology), University of Melbourne , Australia (2006)",shazia.haque@nu.edu.pk,Fast School Of Engineering,Electrical Engineering,(042) 111-128-128 Ext:269,/media/Faculty/99_-_Shazia_Haque_Asst_Prof_EE_KlhDgvG.JPG
3778,Ms. Tamania Javed,"Assistant Professor
                        
                        ",0,"MS (Electrical Engineering), UET, Lahore (2008)",tamania.javaid@nu.edu.pk,Fast School Of Engineering,Electrical Engineering,(042) 111-128-128 Ext:309,/media/Faculty/101_-_Tamania_Javaid_Asst_Prof_EE.JPG
6289,Mr. Ahmad Hamza Nayyar,"Lecturer
                        
                        ",0,"MS (Electrical Engineering), NUCES, Lahore (2021)",ahmad.hamza@nu.edu.pk,Fast School Of Engineering,Electrical Engineering,(042) 111-128-128 Ext:None,/media/Faculty/6289.jpg
3779,Ms. Akbare Yaqub,"Lecturer
                        
                        ",0,"MS (Electrical Engineering), UMT, Lahore (2014)",akbari.yaqoob@nu.edu.pk,Fast School Of Engineering,Electrical Engineering,(042) 111-128-128 Ext:309,/media/Faculty/106_-_Akbare_Yaqub_Lecturer_EE.JPG
5218,Ms. Aroosa Umair,"Lecturer
                        
                        ",0,"MS (Electrical Engineering), NUCES, CFD (2017)",aroosa.umair@nu.edu.pk,Fast School Of Engineering,Electrical Engineering,(042) 111-128-128 Ext:286,/media/Faculty/109_-_Aroosa_Umair_Lecturer_EE.JPG
4809,Ms. Sara Kiran,"Lecturer
                        
                        ",0,"MS (Electrical Engineering), NUCES, Lahore (2015)",sara.kiran@nu.edu.pk,Fast School Of Engineering,Electrical Engineering,(042) 111-128-128 Ext:276,/media/Faculty/108-_Sara_Kiran_Lectuer_EE.JPG
6843,Mr. Syed Maaz Ahmed Rizvi,"Lecturer
                        
                        ",0,"ME (Electronic System Design), Sukkur IBA University (2023)",maaz.ahmed@nu.edu.pk,Fast School Of Engineering,Electrical Engineering,(042) 111-128-128 Ext:None,/media/Faculty/6843.png
5231,Mr. Syed Muhammad Ismail,"Lecturer
                        
                        ",0,"MSc (Power Electric Machines & Drives), University of Manchester, UK (2015)",muhammad.ismail@nu.edu.pk,Fast School Of Engineering,Electrical Engineering,(042) 111-128-128 Ext:287,/media/Faculty/110-_Syed_M._Ismail_Lecturer_EE.JPG
6557,Mr. Umer Altaf,"Lecturer
                        
                        ",0,"MS (EE), Northwestern Polytechnical University, China (2017)",umer.altaf@nu.edu.pk,Fast School Of Engineering,Electrical Engineering,(042) 111-128-128 Ext:287,/media/Faculty/111_-_Umer_Altaf_Lecturer_EE.JPG
7005,Ms. Aliha Tanveer,"Lab Engineer
                        
                        ",0,"BS (Electrical Engineering) NUCES, Lahore (2024)",aliha.tanveer@nu.edu.pk,Fast School Of Engineering,Electrical Engineering,(042) 111-128-128 Ext:None,/media/Faculty/Aliha_Tanveer.jpg
6665,Ms. Eisha Khan,"Lab Engineer
                        
                        ",0,"BS (Electrical Engineering), NUCES, Lahore (2023)",eisha.khan@nu.edu.pk,Fast School Of Engineering,Electrical Engineering,(042) 111-128-128 Ext:None,/media/Faculty/6665.png
6830,Mr. Hafiz Muhammad Muiz Malik,"Lab Engineer
                        
                        ",0,"BS (Electrical Engineering), NUCES, Lahore (2023)",muiz.malik@nu.edu.pk,Fast School Of Engineering,Electrical Engineering,(042) 111-128-128 Ext:None,/media/Faculty/6830.png
7002,Ms. Syeda Sughra Kamran,"Lab Engineer
                        
                        ",0,"BS (Electrical Engineering), NUCES, Lahore (2024)",sughra.kamran@nu.edu.pk,Fast School Of Engineering,Electrical Engineering,(042) 111-128-128 Ext:None,/media/Faculty/Syeda_Sughra_Kamran.jpg
5818,Dr. Tauqir Ahmed,Associate Professor & HOD,1,"PhD (Civil Engineering), The University of Tokyo, Japan (2012)",tauqir.ahmed@nu.edu.pk,Fast Schhool Of Engineering,Cival Enginnering,(042) 111-128-128 Ext:417,/media/Faculty/71_-_Dr._Tauqir_Ahmed_Asst_Prof_CvL.JPG
9451,Dr. Shahid Ali,Professor,1,"PhD (Hydraulics), Delft University of Technology, Norway (2013)",shahid.ali@nu.edu.pk,Fast Schhool Of Engineering,Cival Enginnering,(042) 111-128-128 Ext:339,/media/Faculty/69_-_Dr._Shahid_Ali_Prof__HoD_CvL.JPG
5705,Dr. Syed Ali Rizwan Bukhari,Professor,1,"Post-Doctorate (High Early Strength Self-Compacting Grout Systems), Technical University, Freiberg, Germany (2009)",syed.ali@nu.edu.pk,Fast Schhool Of Engineering,Cival Enginnering,(042) 111-128-128 Ext:228,/media/Faculty/70_-_Dr._Syed_Ali_Rizwan_Professor_CvL.JPG
5344,Dr. Javaid Ahmad,Associate Professor,1,"Ph.D. (Civil Engg.), University of Windsor,  Canada (2016)",Javaid.ahmad@nu.edu.pk,Fast Schhool Of Engineering,Cival Enginnering,(042) 111-128-128 Ext:228,/media/Faculty/5344-removebg-preview.jpg
6275,Dr. Waseem Mirza,"Associate Professor
                        
                        
                          On Leave 
                        ",0,"PhD (Pavement), University of Maryland, United States, 1993",waseem.mirza@nu.edu.pk,Fast Schhool Of Engineering,Cival Enginnering,(042) 111-128-128 Ext:None,/media/Faculty/09-Dr._M._Waseem_Mirza-removebg-preview.jpg
6941,Dr. Muhammad Azam,"Assistant Professor
                        
                        
                        
                        ",0,"PhD (Civil Engineering), Universiti Teknologi, Malaysia (2024)",muhammad.azam@nu.edu.pk,Fast Schhool Of Engineering,Cival Enginnering,(042) 111-128-128 Ext:414,/media/Faculty/Dr._Muhammad_Azam.jpg
6047,Dr. Muhammad Umar,Assistant Professor,1,"PhD (Civil Engineering), University of Tokyo, Japan (2019)",m.umar@nu.edu.pk,Fast Schhool Of Engineering,Cival Enginnering,(042) 111-128-128 Ext:450,/media/Faculty/72_-_Dr._Muhammad_Umar_Asst_Prof_CvL.JPG
9513,Mr. Ali Raza Khalid,"Assistant Professor
                        
                        ",0,"MS (Structural Engineering), NUST, Islamabad (2014)",aliraza.khalid@nu.edu.pk,Fast Schhool Of Engineering,Cival Enginnering,(042) 111-128-128 Ext:433,/media/Faculty/76_-_Ali_Raza_Khalid_Asst_Prof_CvL.JPG
4592,Ms. Sarah Asif,"Assistant Professor
                          On Leave 
                        ",0,"MS (Environmental Management), University of Sheffield, United Kingdom (2012)",sarah.asif@nu.edu.pk,Fast Schhool Of Engineering,Cival Enginnering,(042) 111-128-128 Ext:452,/media/Faculty/74-_Sarah_Asif_Asst._Prof._CvL.JPG
5360,Mr. Umar Khan Niazi,"Assistant Professor
                        
                        ",0,"MS (Steel Construction), University of Sheffield, UK (2010)",umar.niazi@nu.edu.pk,Fast Schhool Of Engineering,Cival Enginnering,(042) 111-128-128 Ext:218,/media/Faculty/75_-_Muhammad_Umar_Khan_Niazi_Asst_Prof_CvL.JPG
6041,Mr. Anns Tahir,"Lecturer
                        
                        ",0,"MS (Civil Engineering), NUCES, Lahore (2023)",anns.tahir@nu.edu.pk,Fast Schhool Of Engineering,Cival Enginnering,(042) 111-128-128 Ext:426,/media/Faculty/84_-_Anns_Tahir_Lab_Engineer_CvL.JPG
4300,Mr. Asim Iqbal,"Lecturer
                        
                        ",0,"MPhil (Engg. Geology), PU, Lahore (2015)",asim.iqbal@nu.edu.pk,Fast Schhool Of Engineering,Cival Enginnering,(042) 111-128-128 Ext:448,/media/Faculty/82_-_Asim_Iqbal_Lecturer_CvL.JPG
6839,Mr. Asim Sharif,"Lecturer
                        
                        ",0,"MS (Civil Engineering), NUCES, Lahore (2018)",asim.sharif@nu.edu.pk,Fast Schhool Of Engineering,Cival Enginnering,(042) 111-128-128 Ext:446,/media/Faculty/6839.png
5553,Mr. Fahad Haseeb,"Lecturer
                        
                        ",0,"MS (Civil Engineering), NUCES, Lahore (2020)",fahad.haseeb@nu.edu.pk,Fast Schhool Of Engineering,Cival Enginnering,(042) 111-128-128 Ext:330,/media/Faculty/81_-_Fahad_Haseeb_Lecturer_CvL.JPG
6573,Ms. Mahnoor Akram,"Lecturer
                        
                        ",0,"MS (Civil Engineering), NUCES, Lahore (2023)",mahnoor.akram@nu.edu.pk,Fast Schhool Of Engineering,Cival Enginnering,(042) 111-128-128 Ext:236,/media/Faculty/Mahnoor.jpg
6817,Mr. Muhammad Bilal Zahid,"Lecturer
                        
                        ",0,"MS (Civil Engineering), NUCES, Lahore (2019)",bilal.zahid@nu.edu.pk,Fast Schhool Of Engineering,Cival Enginnering,(042) 111-128-128 Ext:459,/media/Faculty/6817.png
6818,Mr. Abdur Rehman Zahid,"Lab Engineer
                        
                        ",0,"BS (Civil Engineering), NUCES, Lahore (2023)",abdur.rehman@nu.edu.pk,Fast Schhool Of Engineering,Cival Enginnering,(042) 111-128-128 Ext:None,/media/Faculty/6818.png
6816,Mr. Abu Huraira,"Lab Engineer
                        
                        ",0,"BS (Civil Engineering), NUCES, Lahore (2022)",abu.huraira@nu.edu.pk,Fast Schhool Of Engineering,Cival Enginnering,(042) 111-128-128 Ext:None,/media/Faculty/6816.png
6569,Mr. Hamza Ali,"Lab Engineer
                        
                        ",0,"BS (Civil Engineering), NUCES, Lahore (2021)",hamza.ali@nu.edu.pk,Fast Schhool Of Engineering,Cival Enginnering,(042) 111-128-128 Ext:None,/media/Faculty/86_-_Hamza_Ali_Lab_Engineer_CvL.JPG
6934,Mr. Kashif Hameed,"Lab Engineer
                        
                        ",0,"BS (Civil Engineering), UMT, Lahore (2023)",kashif.hameed@nu.edu.pk,Fast Schhool Of Engineering,Cival Enginnering,(042) 111-128-128 Ext:447,/media/Faculty/Kashif_Hameed.jpg
6769,Mr. M. Umer Amin Khan,"Lab Engineer
                        
                        ",0,"BS (Civil Engineering), NUST, Islamabad (2023)",umer.amin@nu.edu.pk,Fast Schhool Of Engineering,Cival Enginnering,(042) 111-128-128 Ext:None,/media/Faculty/6769.png
6571,Ms. Maham Akram,"Lab Engineer
                        
                        ",0,"BS (Civil Engineering), NUCES, Lahore (2022)",maham.akram@nu.edu.pk,Fast Schhool Of Engineering,Cival Enginnering,(042) 111-128-128 Ext:None,/media/Faculty/90_-_Maham_Akram_Lab_Engineer_CvL.png
6933,Mr. Zaid Bin Shahid,"Lab Engineer
                        
                        ",0,"BS (Civil Engineering), NUCES, Lahore, (2022)",muhammad.zaid@nu.edu.pk,Fast Schhool Of Engineering,Cival Enginnering,(042) 111-128-128 Ext:422,/media/Faculty/Muhammad_Zaid_Bin_Shahid.jpg
4332,Dr. Mubashir Qayyum,Professor & HOD,1,"PhD (Applied Mathematics), NUCES, Peshawar (2018)",mubashir.qayyum@nu.edu.pk,Humanities & Sciences,Humanities & Sciences,(042) 111-128-128 Ext:283,/media/Faculty/142_-_Dr._Mubashir_Qayyum_Prof_Math.JPG
4020,Dr. Akhlaq Ahmad Bhatti,Professor,1,"PhD (Mathematics/ Hypergraph Theory), GCU Lahore (2007)",akhlaq.ahmad@nu.edu.pk,Humanities & Sciences,Humanities & Sciences,(042) 111-128-128 Ext:284,/media/Faculty/139_-_Dr._Akhlaq_Ahmad_Bhatti_Professor_Math.JPG
3712,Dr. Mazhar Hussain,Professor,1,"PhD (Mathematics), QAU, Islamabad (2008)",mazhar.hussain@nu.edu.pk,Humanities & Sciences,Humanities & Sciences,(042) 111-128-128 Ext:313,/media/Faculty/140_-_Dr._Mazhar_Hussain_Prof_SH.JPG
4250,Dr. Saman Shahid,Professor,1,"PhD (Environmental Science), PU, Lahore (2015)",saman.shahid@nu.edu.pk,Humanities & Sciences,Humanities & Sciences,(042) 111-128-128 Ext:206,/media/Faculty/WhatsApp_Image_2023-06-19_at_09.52.55.jpg
4018,Dr. Summaira Sarfraz,Professor,1,"PhD (English), AJ&K University, Pakistan (2013)",sumaira.sarfraz@nu.edu.pk,Humanities & Sciences,Humanities & Sciences,(042) 111-128-128 Ext:227,/media/Faculty/138_-_Dr._Summaira_Sarfraz_Prof_Eng.jpg
4584,Dr. Farasat Shamir,Associate Professor,1,"Ph.D(Mathematics), National University of Computer and Emerging Sciences, Pakistan (2015)",farasat.shamir@nu.edu.pk,Humanities & Sciences,Humanities & Sciences,(042) 111-128-128 Ext:317,/media/Faculty/137_-_Dr._Farasat_Shamir_Assoc._Prof_Math__HoD_SH.JPG
1250,Dr. Saeeda Zia,Associate Professor,1,"PhD (Mathematics), NUCES Lahore (2020)",saeeda.zia@nu.edu.pk,Humanities & Sciences,Humanities & Sciences,(042) 111-128-128 Ext:223,/media/Faculty/143_-_Dr._Saeeda_Zia_Assoc_Prof_Math.JPG
4608,Dr. Hina Firdous,"Assistant Professor
                        
                        
                        
                        ",0,"MPhil (Applied Mathematics), QAU, Islamabad (2007)",hina.firdous@nu.edu.pk,Humanities & Sciences,Humanities & Sciences,(042) 111-128-128 Ext:340,/media/Faculty/150-_Hina_Firdous_Asst._Prof._SH.JPG
9172,Dr. Hira Iqbal,Assistant Professor,1,"PhD (Mathematics), NUCES, Lahore (2020)",hira.iqbal@nu.edu.pk,Humanities & Sciences,Humanities & Sciences,(042) 111-128-128 Ext:363,/media/Faculty/9172.jpg
6768,Dr. Iram Amjad,"Assistant Professor
                        
                        
                        
                        ",0,"PhD (Linguistics), UMT, Lahore (2021)",iram.amjad@nu.edu.pk,Humanities & Sciences,Humanities & Sciences,(042) 111-128-128 Ext:518,/media/Faculty/6768.png
5437,Dr. Muhammad Tahir Rashid,"Assistant Professor
                        
                        
                        
                        ",0,"PhD (Political Science), PU, Lahore (2022)",tahir.rashid@nu.edu.pk,Humanities & Sciences,Humanities & Sciences,(042) 111-128-128 Ext:442,/media/Faculty/146_-_Dr._Tahir_Rashid_Asst_Prof_SH.JPG
6926,Dr. Sara Khan,"Assistant Professor
                        
                        
                        
                        ",0,"PhD (Linguistics), UMT, Lahore, (2022)",sara.khan1@nu.edu.pk,Humanities & Sciences,Humanities & Sciences,(042) 111-128-128 Ext:526,/media/Faculty/Dr._Sara_Khan.jpg
9173,Dr. Tayyaba Naz,Assistant Professor,1,"PhD (Mathematics), NUCES, Lahore (2020)",tayyaba.naz@nu.edu.pk,Humanities & Sciences,Humanities & Sciences,(042) 111-128-128 Ext:226,/media/Faculty/145_-_Dr._Tayyaba_Naz_Asst_Prof_SH.JPG
4243,Dr. Zahida Mansoor,Assistant Professor,1,"PhD (English), A&J University, Pakistan (2013)",zahida.mansoor@nu.edu.pk,Humanities & Sciences,Humanities & Sciences,(042) 111-128-128 Ext:412,/media/Faculty/144_-_Dr._Zahida_Mansoor_Asst_Professor_SH.JPG
4244,Ms. Hajira Ikram Butt,"Assistant Professor
                        
                        ",0,"MS (Applied Linguistics ), NUCES, Lahore (2017)",hajra.ikram@nu.edu.pk,Humanities & Sciences,Humanities & Sciences,(042) 111-128-128 Ext:432,/media/Faculty/149_-_Hajra_Ikram_Butt_Asst_Prof_English.JPG
4245,Mr. Zulfiqar Ali,"Assistant Professor
                        
                        ",0,"MPhil (Applied Linguistics), UMT, Lahore (2013)",ali.zulfiqar@nu.edu.pk,Humanities & Sciences,Humanities & Sciences,(042) 111-128-128 Ext:310,/media/Faculty/148-_Zulfiqar_Ali_Asst._Prof._SH.JPG
5438,Mr. Abdul Sattar,"Lecturer
                        
                        ",0,"MPhil (Pakistan Studies), QAU, Islamabad (2013)",abdul.sattar@nu.edu.pk,Humanities & Sciences,Humanities & Sciences,(042) 111-128-128 Ext:249,/media/Faculty/155_-_Abdul_Sattar_Lecturer_SH.JPG
5622,Ms. Aisha Bano,"Lecturer
                        
                        ",0,"MPhil,hazara university,MANSEHRA(2016)",aisha.bano@nu.edu.pk,Humanities & Sciences,Humanities & Sciences,(042) 111-128-128 Ext:None,/media/Faculty/164_-_Aisha_Bano_Lecturer_SH.jpg
6555,Ms. Aqsa Naz,"Lecturer
                        
                        ",0,"MPhil (Eng. Lit.), UCP, Lahore (2022)",aqsa.naz@nu.edu.pk,Humanities & Sciences,Humanities & Sciences,(042) 111-128-128 Ext:236,/media/Faculty/161_-_Aqsa_Naz_Lecturer_Eng.JPG
5203,Ms. Ayesha Saeed,"Lecturer
                        
                        ",0,"MPhil (Eng. Ling), Kinnaird College, Lahore (2013)",ayesha.saeed@nu.edu.pk,Humanities & Sciences,Humanities & Sciences,(042) 111-128-128 Ext:526,/media/Faculty/154_-_Ayesha_Saeed_Lecturer_SH.JPG
4397,Mr. Hafiz Hamza Janjua,"Lecturer
                        
                        ",0,"MPhill (Islamic Studies), Lahore Leads University (2017)",hamza.janjua@nu.edu.pk,Humanities & Sciences,Humanities & Sciences,(042) 111-128-128 Ext:524,/media/Faculty/151_-_Hafiz_M._Hamza_Janjua_Lecturer_SH.JPG
6421,Ms. Kanwal Saleem,"Lecturer
                        
                        ",0,"MPhil (Statistics), PU, Lahore (2018)",kanwal.saleem@nu.edu.pk,Humanities & Sciences,Humanities & Sciences,(042) 111-128-128 Ext:525,/media/Faculty/160_-_Kanwal_Saleem_Lecturer_Stats.JPG
6365,Mr. Muhammad Yaseen,"Lecturer
                        
                        ",0,"MS (Mathematics), University of Education, Lahore (2021)",m.yaseen@nu.edu.pk,Humanities & Sciences,Humanities & Sciences,(042) 111-128-128 Ext:465,/media/Faculty/159_-_Muhammad_Yaseen_Lecturer_Math.JPG
6178,Ms. Namra Fazal,"Lecturer
                        
                        ",0,"MS (Applied Linguistics), NUCES, Lahore (2021)",namra.fazal@nu.edu.pk,Humanities & Sciences,Humanities & Sciences,(042) 111-128-128 Ext:456,/media/Faculty/157-_Namra_Fazal_Lecturer_English.JPG
6420,Ms. Nokhaiz Zahra,"Lecturer
                        
                        ",0,"MS (Applied Linguistics), NUCES, Lahore (2023)",nokhaiz.zahra@nu.edu.pk,Humanities & Sciences,Humanities & Sciences,(042) 111-128-128 Ext:456,/media/Faculty/165_-_Nokhaiz_Zahra_Instructor_Eng.JPG
5795,Mr. Razm-ul-Zafar,"Lecturer
                        
                        ",0,"MPhil (English), UMT, Lahore (2017)",razm.zafar@nu.edu.pk,Humanities & Sciences,Humanities & Sciences,(042) 111-128-128 Ext:527,/media/Faculty/156_-_Razm_Ul_Zafar_Lecturer_English.JPG
6548,Ms. Rubab Arshad,"Lecturer
                        
                        ",0,"MS (Applied Linguistics), NUCES, Lahore (2022)",rubab.arshad@nu.edu.pk,Humanities & Sciences,Humanities & Sciences,(042) 111-128-128 Ext:236,/media/Faculty/162_-_Rubab_Arshad_Lecturer_English.JPG
5337,Ms. Sarah Ahmad,"Lecturer
                        
                        ",0,"MPhil (Statistics), PU, Lahore (2013)",Sarah.ahmad@nu.edu.pk,Humanities & Sciences,Humanities & Sciences,(042) 111-128-128 Ext:525,/media/Faculty/153_-_Sarah_Ahmad_Lecturer_SH.JPG
6363,Mr. Tasaduque Hussain Shah,"Lecturer
                        
                        ",0,"MS (Mathematics), COMSATS, Islamabad (2022)",tasduque.hussain@nu.edu.pk,Humanities & Sciences,Humanities & Sciences,(042) 111-128-128 Ext:524,/media/Faculty/158_-_Tasaduque_Hussain_Shah_Lecturer_Math.JPG
6567,Ms. Mahnoor Chaudhry,"Lecturer (English)
                        
                        ",0,"MPhil (Applied Linguistics), UMT, Lahore (2022)",mahnoor.chaudhary@nu.edu.pk,Humanities & Sciences,Humanities & Sciences,(042) 111-128-128 Ext:None,/media/Faculty/166-_Mahnoor_Chaudhry_Instructor_English.JPG
3924,Dr. Hamid Hassan,Professor & HOD,1,"PhD (HRM/Finance), University of Tsukuba, Japan (2007)",hamid.hassan@nu.edu.pk,Fast School Of Management,Management,(042) 111-128-128 Ext:252,/media/Faculty/114_-_Dr._Hamid_Hassan_Prof.__HoD_MG.JPG
4685,Dr. Akbar Azam,Associate Professor,1,"PhD (General Management), University of Bologna, Italy (2015)",akbar.azam@nu.edu.pk,Fast School Of Management,Management,(042) 111-128-128 Ext:343,/media/Faculty/115_-_Dr._Akbar_Azam_Assoc_Prof_MG.png
6563,Dr. Amna Farrukh,"Assistant Professor
                        
                        
                          On Leave 
                        ",0,"PhD (Engineering Management), Massey University, Auckland, New Zealand (2023)",amna.farrukh@nu.edu.pk,Fast School Of Management,Management,(042) 111-128-128 Ext:405,/media/Faculty/121_-_Dr._Amna_Farrukh_Asst_Prof_MG.JPG
5712,Dr. Brig Mujahid Hussain,Assistant Professor,1,"PhD (Management Science), NUCES, Lahore (2018)",mujahid.hussain@nu.edu.pk,Fast School Of Management,Management,(042) 111-128-128 Ext:255,/media/Faculty/123_-_Dr._Mujahid_Hussain_Asst_Prof._MG.JPG
4629,Dr. Fatima Omer,"Assistant Professor
                        
                        
                        
                        ",0,"PhD (Management Science), NUCES, Lahore , Pakistan (2021)",fatima.omer@nu.edu.pk,Fast School Of Management,Management,(042) 111-128-128 Ext:295,/media/Faculty/118_-_Fatima_Omer_Asst_Prof_MG.JPG
6561,Dr. Komal Kamran,"Assistant Professor
                        
                        
                        
                        ",0,"PhD (Management Science), NUCES, Lahore (2022)",komal.kamran@nu.edu.pk,Fast School Of Management,Management,(042) 111-128-128 Ext:316,/media/Faculty/122_-_Dr._Komal_Kamran_Asst_Prof_MG.JPG
5423,Dr. Mian Muhammad Atif,Assistant Professor,1,"PhD (Finance), Massey University, New Zealand (2014)",mian.atif @nu.edu.pk,Fast School Of Management,Management,(042) 111-128-128 Ext:408,/media/Faculty/116_-_Dr._Mian_M._Atif_Asst._Prof._MG.JPG
5559,Dr. Munazza Saeed,"Assistant Professor
                        
                        
                        
                        ",0,"PhD (Marketing), University of Malaya, Kuala Lumpur (2017)",munazza.saeed@nu.edu.pk,Fast School Of Management,Management,(042) 111-128-128 Ext:445,/media/Faculty/5559.jpg
6426,Dr. Umer Iqbal,Assistant Professor,1,"Ph.D. in Accounting and Finance, Lincoln University, New Zealand (2020)",umer.iqbal@nu.edu.pk,Fast School Of Management,Management,(042) 111-128-128 Ext:242,/media/Faculty/120_-_Dr._Umer_Iqbal_Asst_Prof_MG_nr59AV5.JPG
9495,Dr. Zia Khan,Assistant Professor,1,"PhD (Management Sciences), Asian Institute of Technology (AIT), Thailand (2015)",zia.khan@nu.edu.pk,Fast School Of Management,Management,(042) 111-128-128 Ext:409,/media/Faculty/117-_Dr._Zia_Ullah_Khan_Asst._Prof._MG.JPG
4483,Mr. Aamer Allauddin,"Assistant Professor
                        
                        ",0,"CPA (Accounting & Finance), ACCA, UK (1988)",allauddin@gmail.com,Fast School Of Management,Management,(042) 111-128-128 Ext:360,/media/Faculty/124_-_Aamer_Allauddin_Asst_Prof_MG.JPG
4647,Mr. Shakeel Ahmad,"Assistant Professor
                        
                        ",0,"MS (Accounting & Finance), NUCES, Lahore (2020)",shakeel.ahmad@nu.edu.pk,Fast School Of Management,Management,(042) 111-128-128 Ext:258,/media/Faculty/126_-_Shakeel_Ahmad_Asst_Prof_MG.JPG
5517,Ms. Aroosa Safdar,"Lecturer
                        
                        ",0,"MBA (Finance), NUCES, Lahore (2016)",aroosa.safdar@nu.edu.pk,Fast School Of Management,Management,(042) 111-128-128 Ext:325,/media/Faculty/131-_Aroosa_Safdar_Lecturer_MG.JPG
5227,Ms. Beenish Arshad,"Lecturer
                        
                        ",0,"MBA, NUCES, Lahore (2016)",beenish.arshad@nu.edu.pk,Fast School Of Management,Management,(042) 111-128-128 Ext:444,/media/Faculty/128-_Beenish_Arshad_Lecturer_MG.JPG
6930,Mr. Bilal Qaisar,"Lecturer
                        
                        ",0,"MS (Business Analytics),NUCES, Lahore (2024)",bilal.qaisar@nu.edu.pk,Fast School Of Management,Management,(042) 111-128-128 Ext:354,/media/Faculty/Bilal_Qaisar.jpg
5518,Ms. Fatima Habib,"Lecturer
                        
                        ",0,"MBIT, PU, Lahore (2014)",fatima.habib@nu.edu.pk,Fast School Of Management,Management,(042) 111-128-128 Ext:349,/media/Faculty/127_-_Fatima_Habib_Lecturer_MG.JPG
6115,Ms. Ghulam Fatima,"Lecturer
                        
                        ",0,"MBA (AF), NUCES, Lahore (2022)",ghulam.fatima@nu.edu.pk,Fast School Of Management,Management,(042) 111-128-128 Ext:301,/media/Faculty/134-_Ghulam_Fatima_Instructor_MG.JPG
6709,Ms. Iman Ilyas,"Lecturer
                        
                        ",0,"MS (Business Analytics), NUCES, Lahore (2023)",iman.ilyas@nu.edu.pk,Fast School Of Management,Management,(042) 111-128-128 Ext:256,/media/Faculty/6709.png
6565,Ms. Irma Tariq,"Lecturer
                        
                        ",0,"MBA, NUCES, Lahore (2023)",irma.tariq@nu.edu.pk,Fast School Of Management,Management,(042) 111-128-128 Ext:306,/media/Faculty/136_-_Irma_Tariq_Instructor_MG.jpg
6664,Ms. Khadija Aslam,"Lecturer
                        
                        ",0,"MS (Business Analytics), NUCES, Lahore (2023)",khadija.aslam@nu.edu.pk,Fast School Of Management,Management,(042) 111-128-128 Ext:256,/media/Faculty/6664.png
6812,Mr. Muhammad Mobeen Ajmal,"Lecturer
                        
                        ",0,"MBA (Finance), LUMS, Lahore (2012)",mobeen.ajmal@nu.edu.pk,Fast School Of Management,Management,(042) 111-128-128 Ext:354,/media/Faculty/6812.png
6566,Ms. Noor Zahid,"Lecturer
                        
                        ",0,,noor.zahid@nu.edu.pk,Fast School Of Management,Management,(042) 111-128-128 Ext:306,/media/Faculty/135-_Noor_Zahid_Instructor_MG.JPG
5713,Mr. Salmaan Khalil Rahman,"Adjunct Lecturer
                        
                        ",0,"MBA, Western Michigan University, USA (2009)",salmaan.rahman@nu.edu.pk,Fast School Of Management,Management,(042) 111-128-128 Ext:None,/media/Faculty/133-_Salmaan_Khalil_Rehman_Adj._Faculty_MG.JPG
6813,Ms. Sidra Salman,"Lecturer
                        
                        ",0,"MSc (Accounting & Finance), BPP University, UK(2017)",sidra.salman@nu.edu.pk,Fast School Of Management,Management,(042) 111-128-128 Ext:324,/media/Faculty/6813.png
6303,Ms. Sundas Munir,"Lecturer
                        
                        ",0,"CA, ICAP, Lahore (2017)",sundas.munir@nu.edu.pk,Fast School Of Management,Management,(042) 111-128-128 Ext:324,/media/Faculty/130-_Sundas_Munir_Lecturer_MG.JPG
6931,Ms. Zunaira Ahmed,"Lecturer
                        
                        ",0,"M.Phil (Applied Economics) FC College, Lahore (2018)",zunaira.ahmed@nu.edu.pk,Fast School Of Management,Management,(042) 111-128-128 Ext:353,/media/Faculty/Zunaira_Ahmed.jpg
6789,Ms. Fatima Zeb,"Instructor
                        
                        ",0,"BBA, NUCES, Lahore (2023)",fatima.zeb@nu.edu.pk,Fast School Of Management,Management,(042) 111-128-128 Ext:301,/media/Faculty/fatima_page-0001-removebg-preview.png
6964,Ms. Syeda Fatima Jaffery,"Instructor
                        
                        ",0,,fatima.jaffery@nu.edu.pk,Fast School Of Management,Management,(042) 111-128-128 Ext:451,/media/Faculty/Syeda_Fatima_Jaffery.jpg
6790,Ms. Syeda Fatima Naqvi,"Instructor
                        
                        ",0,"MBA (Marketing), NUCES, Lahore (2023)",fatima.naqvi@nu.edu.pk,Fast School Of Management,Management,(042) 111-128-128 Ext:431,/media/Faculty/6790.png
6815,Ms. Aiza Aftab,"Junior Lecturer
                        
                        ",0,"MS (Business Analytics), NUCES, Lahore (2023)",aiza.aftab@nu.edu.pk,Fast School Of Management,Management,(042) 111-128-128 Ext:431,/media/Faculty/6815.png
6932,Ms. Saleena Gul,"Faculty (Adjunct)
                        
                        ",0,ACMA (Accounts) - ICMAP (2003),saleena@nu.edu.pk,Fast School Of Management,Management,(042) 111-128-128 Ext:353,/media/Faculty/Saleena_Gul.jpg
