,ID,Name,Desigination,HEC Approved PHD Supervisor,Highest Education,Email,School,Department,Extension,ImageURL
0,3704,Fazl-e-Basit,Assistant Professor & HoD,0,"M.S(Computer Science), NUST, Rawalpindi, Pakistan (2006)",fazl.basit@nu.edu.pk,Fast School Of Computing,CS,+92(0)91 111 128 128 (Ext. 110),images/faculty/thumb3704.jpg
1,9237,Dr. Omar Usman Khan,Professor & Director,1,"Ph.D. (Computer And Control Engineering), Politecnico Di Torino, Italy (2013)",omar.khan@nu.edu.pk,Fast School Of Computing,CS,+92(0)91 111 128 128 (Ext. 103),images/faculty/thumb9237.jpg
2,9315,Dr. Hafeez Ur Rehman,Associate Professor (On Leave),1,"Ph.D. in Computer and Control Engineering, Politecnico Di Torino, Italy (2014).",hafeez.urrehman@nu.edu.pk,Fast School Of Computing,CS,(Ext. ),images/faculty/thumb9315.jpg
3,9482,Dr. Nouman Azam,Associate Professor,1,"Ph.D. (CS), University of Regina, Canada (2014)",nouman.azam@nu.edu.pk,Fast School Of Computing,CS,+92(0)91 111 128 128 (Ext. 134),images/faculty/thumb9482.jpg
4,6833,Dr. Hafeez Anwar,Associate Professor,0,"PhD (Informatics), Vienna University of Technology, Austria (2015)",hafeez.anwar@nu.edu.pk,Fast School Of Computing,CS,+92(0)91 111 128 128 (Ext. ),images/faculty/thumb6833.jpg
5,3692,Shoaib Muhammad Khan,Assistant Professor,0,"M.S(Computer Science), NUCES, Islamabad, Pakistan (2006)",shoaib.khan@nu.edu.pk,Fast School Of Computing,CS,+92(0)91 111 128 128 (Ext. 144),images/faculty/thumb3692.jpg
6,9348,Dr. Taimoor Khan,Assistant Professor (On Leave),1,"Ph.D. (Computer Science), Bahria University Islamabad Campus, Pakistan (2018)",taimoor.khan@nu.edu.pk,Fast School Of Computing,CS,(Ext. ),images/faculty/thumb9348.jpg
7,5436,Dr. Bilal Khan,Assistant Professor,1,"PhD (CE), Dongguk University, Seoul, S. Korea (2017)",khan.bilal@nu.edu.pk,Fast School Of Computing,CS,+92(0)91 111 128 128 (Ext. ),images/faculty/thumb5436.jpg
8,4564,Dr. Muhammad Amin,Assistant Professor,0,"PhD (Computer Science), IM Sciences (2022)",muhammad.amin@nu.edu.pk,Fast School Of Computing,CS,+92(0)91 111 128 128 (Ext. 127),images/faculty/thumb4564.jpg
9,4918,Dr. Waqas Ali,Assistant Professor,0,"PhD(Computer Science), National University of Computer and Emerging Sciences, Peshawar (2022)",waqas.ali@nu.edu.pk,Fast School Of Computing,CS,+92(0)91 111 128 128 (Ext. 107),images/faculty/thumb4918.jpg
10,6670,Dr. Ali Sayyed,Assistant Professor,1,"PhD (Cont. Aut. and Sys.), Federal University of Santa Catarina Brazil (2016)",ali.sayyed@nu.edu.pk,Fast School Of Computing,CS,+92(0)91 111 128 128 (Ext. 161),images/faculty/thumb6670.jpg
11,6713,Dr. Muhammad Waqar Aziz,Assistant Professor (On Leave),1,"PhD (CS), Universiti Teknologi , Malaysia (2013)",waqar.aziz@nu.edu.pk,Fast School Of Computing,CS,+92(0)91 111 128 128 (Ext. ),images/faculty/thumb6713.jpg
12,6821,Dr. Qasim Jan,Assistant Professor,1,"PhD (Info. and Comm. Engg.), Southeast University, China (2023)",qasim.jan@nu.edu.pk,Fast School Of Computing,CS,+92(0)91 111 128 128 (Ext. ),images/faculty/thumb6821.jpg
13,5913,Sara Rehmat,Lecturer,0,"MS (CS), UET, Peshawar (2019)",sara.rehmat@nu.edu.pk,Fast School Of Computing,CS,+92(0)91 111 128 128 (Ext. 147),images/faculty/thumb5913.jpg
14,5914,Mashal Khan,Lecturer (On Leave),0,MS Information Security  2020 SEECS NUST Islamabad,mashal.khan@nu.edu.pk,Fast School Of Computing,CS,(Ext. ),images/faculty/thumb5914.jpg
15,6071,Usama Musharaf,Lecturer,0,"MS (CS), CECOS University, Peshawar (2020)",usama.musharaf@nu.edu.pk,Fast School Of Computing,CS,+92(0)91 111 128 128 (Ext. 145),images/faculty/thumb6071.jpg
16,6523,Shahzeb Khan,Lecturer,0,"MS (AI), NUCES, Islamabad (2022)",shahzeb.khan@nu.edu.pk,Fast School Of Computing,CS,+92(0)91 111 128 128 (Ext. ),images/faculty/thumb6523.jpg
17,6524,Sanaa Jeehan,Lecturer,0,"MS (CS), NUCES, Peshawar (2018)",sanaa.jeehan@nu.edu.pk,Fast School Of Computing,CS,+92(0)91 111 128 128 (Ext. ),images/faculty/thumb6524.jpg
18,6525,Usman Wajid,Lecturer,0,"MS (CS), NUCES, Peshawar (2017)",usman.wajid@nu.edu.pk,Fast School Of Computing,CS,+92(0)91 111 128 128 (Ext. ),images/faculty/thumb6525.jpg
19,6564,Muhammad Umer Haroon,Lecturer,0,"MS (SE), UET, Peshawar (2018)",umer.haroon@nu.edu.pk,Fast School Of Computing,CS,+92(0)91 111 128 128 (Ext. ),images/faculty/thumb6564.jpg
20,6705,Haroon Zafar,Lecturer,0,"MS (SE), Comsats, Islamabad (2021)",haroon.zafar@nu.edu.pk,Fast School Of Computing,CS,+92(0)91 111 128 128 (Ext. ),images/faculty/thumb6705.jpg
21,6586,Muhammad Saad Rashad,Instructor,0,"BS (SE), City University, Peshawar (2017)",saad.rashad@nu.edu.pk,Fast School Of Computing,CS,+92(0)91 111 128 128 (Ext. ),images/faculty/thumb6586.jpg
22,6657,Muhammad Saood Sarwar,Instructor,0,"BS (SE), Comsats, Islamabad (2020)",saood.sarwar@nu.edu.pk,Fast School Of Computing,CS,+92(0)91 111 128 128 (Ext. ),images/faculty/thumb6657.jpg
23,6841,Iqra Rehman,Instructor,0,"BS (SE), Comsats, Attock (2023)",iqra.rehman@nu.edu.pk,Fast School Of Computing,CS,+92(0)91 111 128 128 (Ext. ),images/faculty/thumb6841.jpg
24,6840,Muhammad Saad Khan,Instructor,0,"BS (SE), IMSciences, Peshawar (2022)",saad.khan@nu.edu.pk,Fast School Of Computing,CS,+92(0)91 111 128 128 (Ext. ),images/faculty/thumb6840.jpg
0,4457,Dr. Muhammad Usman Abbasi,Assistant Professor & HoD,1,"PhD (Electrical Engineering), National University of Computer and Emerging Sciences - FAST, Pakistan (2021)",usman.abbasi@nu.edu.pk,Fast School Of Engineering,Elecrical Engineering,+92(0)91 111 128 128 (Ext. 116),images/faculty/thumb4457.jpg
1,3953,Muhammad Asif Khan,Assistant Professor,0,"M.Sc(Engineering), University of Leeds, United Kingdom (2006)",m.asif@nu.edu.pk,Fast School Of Engineering,Elecrical Engineering,+92(0)91 111 128 128 (Ext. 146),images/faculty/thumb3953.jpg
2,4501,Rahat Ehsan,Assistant Professor,0,"M.Sc(Telecom Engineering), Melbourne University, Australia (2007)",rahat.ehsan@nu.edu.pk,Fast School Of Engineering,Elecrical Engineering,+92(0)91 111 128 128 (Ext. 146),images/faculty/thumb4501.jpg
3,4815,Dr. Suleman Mir,Assistant Professor,0,"PhD(Electrical Engineering),National University of Computer and Emerging Science, Peshawar Campus, Pakistan",suleman.mir@nu.edu.pk,Fast School Of Engineering,Elecrical Engineering,+92(0)91 111 128 128 (Ext. 138),images/faculty/thumb4815.jpg
4,4800,Dr. Maqsood Khan,Assistant Professor,0,"M.Sc(Electrical Engineering), Blekings Institute of Technology, Sweden (2010)",maqsood.khan@nu.edu.pk,Fast School Of Engineering,Elecrical Engineering,+92(0)91 111 128 128 (Ext. 132),images/faculty/thumb4800.jpg
5,4567,Waseem Ullah,Lab Engineer,0,"B.E(Electrical Engineering), NWFP UET Peshawar, Pakistan (1999)",waseemullah@nu.edu.pk,Fast School Of Engineering,Elecrical Engineering,+92(0)91 111 128 128 (Ext. 133),images/faculty/thumb4567.jpg
6,9178,Kashif Javed,Lab Engineer,0,"B.S(Telecom Engineering), FAST, Pakistan (2012)",kashif.javed@nu.edu.pk,Fast School Of Engineering,Elecrical Engineering,+92(0)91 111 128 128 (Ext. 125),images/faculty/thumb9178.jpg
7,9362,Anum Rashad,Lab Engineer,0,"BS(EE),NUCES,Peshawar,Pakistan(2014)",anum.rashad@nu.edu.pk,Fast School Of Engineering,Elecrical Engineering,+92(0)91 111 128 128 (Ext. 150),images/faculty/thumb9362.jpg
8,4471,Muneeb Suhail,Lab Engineer,0,"B.S(Electrical Engineering), FAST NUCES, Pakistan (2013)",muneeb.sohail@nu.edu.pk,Fast School Of Engineering,Elecrical Engineering,+92(0)91 111 128 128 (Ext. 133),images/faculty/thumb4471.jpg
0,5698,Dr. Askar Ali,Assistant Professor & HoD,1,"PhD (2023) Quaid-e-Azam University, Islamabad, Pakistan",askar.ali@nu.edu.pk,Fast School Of Sciences & Humanities,Sciences & Humanities,+92(0)91 111 128 128 (Ext. 163),images/faculty/thumb5698.jpg
1,4377,Dr. Ihsan Ullah,Assistant Professor,1,"PhD (Finance),  Institute of Management Sciences, 2019",ihsan.ullah@nu.edu.pk,Fast School Of Sciences & Humanities,Sciences & Humanities,(Ext. ),images/faculty/thumb4377.jpg
2,6522,Dr. Shams-ul Arifeen,Assistant Professor,1,"PhD (Math), GIKI, Topi (2023)",shams.arifeen@nu.edu.pk,Fast School Of Sciences & Humanities,Sciences & Humanities,+92(0)91 111 128 128 (Ext. ),images/faculty/thumb6522.jpg
3,5534,Osama Sohrab,Lecturer,0,"M.S (Applied Mathematics), Ghulam Ishaq Khan Institute, Topi, Pakistan (2017)",osama.sohrab@nu.edu.pk,Fast School Of Sciences & Humanities,Sciences & Humanities,+92(0)91 111 128 128 (Ext. 155),images/faculty/thumb5534.jpg
4,5612,Abida Farid,Lecturer (On Leave),0,•	MPhil in English Language & Communication from Institute of management sciences in 2018,abida.farid@nu.edu.pk,Fast School Of Sciences & Humanities,Sciences & Humanities,+92(0)91 111 128 128 (Ext. 150),images/faculty/thumb5612.jpg
5,6050,Noreen Shah,Lecturer,0,Ph.D. Scholar (Coursework completed),noreen.shah@nu.edu.pk,Fast School Of Sciences & Humanities,Sciences & Humanities,+92(0)91 111 128 128 (Ext. 150),images/faculty/thumb6050.jpg
6,6460,Abdul Basit Khan,Lecturer,0,"MPhil (Eng.), Qurtuba University, Peshawar (2020)",abdulbasit.khan@nu.edu.pk,Fast School Of Sciences & Humanities,Sciences & Humanities,+92(0)91 111 128 128 (Ext. 110),images/faculty/thumb6460.jpg
